id,platform,content,sentiment_score,sentiment_label,likes,time
1,douyin,陪着父母去旅游，他们开心极了…,0.6203,正面,3,2024-08-06
2,douyin,叫120等了40分钟才到，急救反应太慢了。,0.0667,负面,36,2024-05-15
3,douyin,养老院条件太差了，费用还死贵,0.1717,负面,10,2024-02-11
4,douyin,特别延迟退休政策对老年人有什么影响！,0.4656,中性,6,2024-10-22
5,douyin,陪着父母去旅游，他们开心极了…,0.8055,正面,1,2024-09-11
6,douyin,特别社区养老服务越来越好了，点赞,0.6239,正面,1,2024-01-09
7,douyin,感觉老年舞蹈队跳得真好看，充满活力💪,0.6568,正面,1,2024-10-01
8,douyin,非常听说日本老龄化更严重，可以学习经验,0.2686,中性,18,2024-07-22
9,douyin,实在延迟退休政策对老年人有什么影响😔,0.3603,中性,6,2024-03-15
10,douyin,老年志愿者真了不起，值得尊敬🤔,0.9151,正面,9,2024-04-25
11,douyin,有点养老基金还够不够用啊👍,0.5119,中性,1,2024-12-12
12,douyin,直播坑老人买保健品，太可恶了👍,0.0217,负面,48,2024-04-19
13,douyin,简直陪着父母去旅游，他们开心极了💪,0.7581,正面,15,2024-10-16
14,douyin,社区没有老年活动场所，天天在家发呆👍,0.1637,负面,2,2024-07-15
15,douyin,社区食堂对老年人优惠，真的很贴心…,0.8728,正面,2,2024-05-27
16,douyin,养老基金还够不够用啊💪,0.2719,中性,2,2024-02-18
17,douyin,直播坑老人买保健品，太可恶了！,0.1974,负面,2,2024-07-06
18,douyin,每个家庭都会面临养老问题😔,0.3623,中性,5,2024-07-13
19,douyin,老年产业应该是个新风口,0.2899,中性,4,2024-03-18
20,douyin,老年人也要与时俱进，学会用智能手机,0.9415,正面,2,2024-05-15
21,douyin,陪着父母去旅游，他们开心极了,0.6419,正面,7,2024-05-07
22,douyin,社区食堂对老年人优惠，真的很贴心,0.7177,正面,1,2024-04-07
23,douyin,老年人是社会的财富，应该多关心他们,0.7286,正面,2,2024-04-24
24,douyin,老年生活也可以很精彩，活到老学到老,0.7659,正面,3,2024-03-17
25,douyin,感觉老年公交卡真方便，出行无忧🤔,0.8426,正面,4,2024-06-08
26,douyin,子女都在外地打工，老人独居太可怜！,0.109,负面,12,2024-01-18
27,douyin,特别每个家庭都会面临养老问题🤔,0.4168,中性,2,2024-11-13
28,douyin,有些每个家庭都会面临养老问题😔,0.2948,中性,5,2024-04-28
29,douyin,老年人也要与时俱进，学会用智能手机,0.6077,正面,6,2024-09-14
30,douyin,特别尊老爱幼是传统美德，大家都要学习🤔,0.7054,正面,1,2024-02-15
31,douyin,太老年人也要与时俱进，学会用智能手机🤔,0.8818,正面,6,2024-10-20
32,douyin,去大医院排队排到心塞，老年人体力吃不消🤔,0.1629,负面,1,2024-09-07
33,douyin,老年公交卡真方便，出行无忧,0.6832,正面,1,2024-04-07
34,douyin,人口结构变化会影响经济发展💪,0.5243,中性,35,2024-04-13
35,douyin,老年舞蹈队跳得真好看，充满活力🤔,0.6632,正面,44,2024-06-10
36,douyin,建议老年公交卡真方便，出行无忧😔,0.7489,正面,13,2024-06-07
37,douyin,实在老年人是社会的财富，应该多关心他们,0.775,正面,2,2024-05-18
38,douyin,简直老年生活也可以很精彩，活到老学到老😔,0.6819,正面,1,2024-09-21
39,douyin,陪着父母去旅游，他们开心极了💪,0.7454,正面,8,2024-08-15
40,douyin,养老模式到底是居家好还是去养老院好😔,0.3008,中性,4,2024-03-18
41,douyin,陪着父母去旅游，他们开心极了🤔,0.8887,正面,1,2024-01-25
42,douyin,实在陪着父母去旅游，他们开心极了,0.8023,正面,5,2024-04-17
43,douyin,养老金年年涨，生活有保障😔,0.8051,正面,1,2024-11-16
44,douyin,建议老年志愿者真了不起，值得尊敬！,0.7145,正面,24,2024-09-10
45,douyin,老年人也要与时俱进，学会用智能手机,0.8196,正面,2,2024-02-04
46,douyin,养老金年年涨，生活有保障！,0.7606,正面,8,2024-07-03
47,douyin,社区没有老年活动场所，天天在家发呆,0.1174,负面,3,2024-05-22
48,douyin,有些老龄化是社会发展的必然趋势😔,0.2781,中性,5,2024-01-21
49,douyin,重庆的老龄化程度在全国处于什么水平。,0.4,中性,5,2024-10-28
50,douyin,建议直播带货卖假货给老人，没人管管吗🙏,0.0181,负面,2,2024-08-09
51,douyin,子女都在外地打工，老人独居太可怜🙏,0.1859,负面,48,2024-11-02
52,douyin,实在农村老人看病太难了，要走几十里路💪,0.013,负面,12,2024-07-03
53,douyin,老年生活也可以很精彩，活到老学到老🤔,0.7767,正面,31,2024-09-11
54,douyin,不知道未来养老政策会怎么调整,0.4871,中性,21,2024-09-24
55,douyin,感觉老年人经验丰富，是年轻人的好老师🙏,0.6429,正面,6,2024-10-13
56,douyin,退休后参加老年大学，感觉生活充实多了,0.8634,正面,26,2024-06-18
57,douyin,感觉社区食堂对老年人优惠，真的很贴心！,0.7844,正面,1,2024-04-23
58,douyin,尊老爱幼是传统美德，大家都要学习,0.702,正面,2,2024-12-13
59,douyin,特别社区养老服务越来越好了，点赞！,0.5521,正面,1,2024-02-05
60,douyin,小区新安装了老年健身器材，方便多了,0.7728,正面,3,2024-01-03
61,douyin,太养老金年年涨，生活有保障,0.7892,正面,3,2024-05-14
62,douyin,老年产业应该是个新风口🙏,0.5216,中性,2,2024-09-06
63,douyin,退休后参加老年大学，感觉生活充实多了,0.6705,正面,15,2024-03-14
64,douyin,简直小区新安装了老年健身器材，方便多了💪,0.8631,正面,3,2024-11-16
65,douyin,尊老爱幼是传统美德，大家都要学习。,0.6719,正面,2,2024-10-13
66,douyin,老年人经验丰富，是年轻人的好老师🙏,0.8762,正面,5,2024-03-10
67,douyin,太听说日本老龄化更严重，可以学习经验。,0.3937,中性,1,2024-05-24
68,douyin,太很多公园没有无障碍通道，轮椅过不去。,0.0561,负面,13,2024-02-19
69,douyin,老年产业应该是个新风口,0.304,中性,1,2024-12-15
70,douyin,太退休后参加老年大学，感觉生活充实多了🤔,0.8825,正面,78,2024-08-05
71,douyin,社区食堂对老年人优惠，真的很贴心…,0.6117,正面,11,2024-02-15
72,douyin,老年产业应该是个新风口💪,0.402,中性,2,2024-07-18
73,douyin,养老模式到底是居家好还是去养老院好🙏,0.4605,中性,1,2024-11-03
74,douyin,养老模式到底是居家好还是去养老院好🙏,0.2999,中性,14,2024-11-22
75,douyin,农村老人看病太难了，要走几十里路,0.1935,负面,9,2024-02-09
76,douyin,老年志愿者真了不起，值得尊敬,0.7732,正面,10,2024-08-12
77,douyin,社区食堂对老年人优惠，真的很贴心。,0.7854,正面,11,2024-01-16
78,douyin,建议老年公交卡真方便，出行无忧,0.9347,正面,1,2024-06-10
79,douyin,确实老年生活也可以很精彩，活到老学到老😔,0.7584,正面,3,2024-12-23
80,douyin,退休后参加老年大学，感觉生活充实多了,0.5679,正面,1,2024-06-21
81,douyin,不知道未来养老政策会怎么调整👍,0.529,中性,18,2024-03-18
82,douyin,太老年人经验丰富，是年轻人的好老师🤔,0.9334,正面,7,2024-03-06
83,douyin,感觉老年人也要与时俱进，学会用智能手机…,0.7956,正面,3,2024-07-01
84,douyin,老年舞蹈队跳得真好看，充满活力🙏,0.8315,正面,1,2024-02-26
85,douyin,有点老年生活也可以很精彩，活到老学到老👍,0.733,正面,3,2024-11-11
86,douyin,有点养老基金还够不够用啊🙏,0.2843,中性,3,2024-03-27
87,douyin,确实医院对老年人没有专门的照顾窗口,0.0261,负面,10,2024-05-04
88,douyin,尊老爱幼是传统美德，大家都要学习,0.7543,正面,7,2024-10-13
89,douyin,社区食堂对老年人优惠，真的很贴心,0.765,正面,20,2024-09-06
90,douyin,尊老爱幼是传统美德，大家都要学习,0.6758,正面,4,2024-06-01
91,douyin,陪着父母去旅游，他们开心极了🤔,0.7036,正面,1,2024-08-14
92,douyin,感觉陪着父母去旅游，他们开心极了,0.7275,正面,9,2024-04-10
93,douyin,老年志愿者真了不起，值得尊敬🙏,0.6655,正面,11,2024-12-25
94,douyin,有些社区养老服务越来越好了，点赞。,0.7791,正面,6,2024-09-27
95,douyin,人口结构变化会影响经济发展,0.4139,中性,11,2024-12-27
96,douyin,确实老年人是社会的财富，应该多关心他们😔,0.7299,正面,5,2024-02-25
97,douyin,建议老年人也要与时俱进，学会用智能手机🙏,0.7852,正面,5,2024-11-14
98,douyin,听说日本老龄化更严重，可以学习经验🙏,0.4941,中性,4,2024-06-18
99,douyin,不知道未来养老政策会怎么调整！,0.3471,中性,1,2024-10-09
100,douyin,老年舞蹈队跳得真好看，充满活力！,0.8643,正面,1,2024-11-05
101,douyin,希望老年人也要与时俱进，学会用智能手机…,0.6788,正面,1,2024-08-05
102,douyin,每个家庭都会面临养老问题,0.3856,中性,7,2024-07-17
103,douyin,养老模式到底是居家好还是去养老院好🙏,0.3864,中性,3,2024-01-28
104,douyin,人口结构变化会影响经济发展,0.4405,中性,5,2024-09-13
105,douyin,非常买药太贵了，慢性病吃药一年花好几万。,0.0503,负面,23,2024-09-19
106,douyin,小区新安装了老年健身器材，方便多了,0.8653,正面,2,2024-01-04
107,douyin,老年公交卡真方便，出行无忧,0.8931,正面,4,2024-07-07
108,douyin,老年人在家摔倒没人知道怎么办！,0.0402,负面,11,2024-02-21
109,douyin,感谢政府对老年人的关怀和照顾,0.8158,正面,2,2024-07-21
110,douyin,确实听说日本老龄化更严重，可以学习经验,0.3788,中性,1,2024-04-16
111,douyin,老年生活也可以很精彩，活到老学到老,0.7578,正面,2,2024-12-11
112,douyin,养老金根本不够用，物价涨得太快,0.1419,负面,1,2024-07-03
113,douyin,实在感谢政府对老年人的关怀和照顾🤔,0.9024,正面,28,2024-11-05
114,douyin,特别老年人是社会的财富，应该多关心他们💪,0.7941,正面,13,2024-04-21
115,douyin,医院对老年人没有专门的照顾窗口,0.1404,负面,7,2024-02-05
116,douyin,每个家庭都会面临养老问题,0.3555,中性,18,2024-04-09
117,douyin,养老金年年涨，生活有保障💪,0.79,正面,13,2024-01-28
118,douyin,养老金年年涨，生活有保障！,0.7538,正面,2,2024-11-02
119,douyin,社区养老服务越来越好了，点赞,0.6464,正面,21,2024-09-01
120,douyin,养老院条件太差了，费用还死贵…,0.0835,负面,5,2024-06-18
121,douyin,非常重庆的老龄化程度在全国处于什么水平,0.255,中性,13,2024-01-02
122,douyin,社区食堂对老年人优惠，真的很贴心…,0.8351,正面,22,2024-12-13
123,douyin,非常老年产业应该是个新风口,0.4348,中性,3,2024-09-07
124,douyin,老年人经验丰富，是年轻人的好老师🤔,0.7846,正面,1,2024-11-21
125,douyin,老年人经验丰富，是年轻人的好老师,0.842,正面,2,2024-04-03
126,douyin,建议养老金年年涨，生活有保障🤔,0.7935,正面,4,2024-12-06
127,douyin,特别尊老爱幼是传统美德，大家都要学习👍,0.8306,正面,14,2024-09-26
128,douyin,尊老爱幼是传统美德，大家都要学习💪,0.8499,正面,17,2024-02-25
129,douyin,建议老年人经验丰富，是年轻人的好老师🙏,0.6588,正面,1,2024-11-03
130,douyin,感谢政府对老年人的关怀和照顾,0.5722,正面,5,2024-06-06
131,douyin,建议养老基金还够不够用啊👍,0.4522,中性,4,2024-01-02
132,douyin,小区新安装了老年健身器材，方便多了,0.6956,正面,2,2024-01-18
133,douyin,老年生活也可以很精彩，活到老学到老！,0.7165,正面,1,2024-02-19
134,douyin,有些社区食堂对老年人优惠，真的很贴心,0.9108,正面,3,2024-07-03
135,douyin,有些很多公园没有无障碍通道，轮椅过不去😔,0.1705,负面,32,2024-01-12
136,douyin,老年舞蹈队跳得真好看，充满活力😔,0.6716,正面,3,2024-06-19
137,douyin,很多公园没有无障碍通道，轮椅过不去,0.0471,负面,5,2024-03-01
138,douyin,老年志愿者真了不起，值得尊敬,0.6886,正面,9,2024-06-01
139,douyin,简直老年痴呆走失了警察也找不到…,0.0684,负面,3,2024-08-02
140,douyin,有些重庆的老龄化程度在全国处于什么水平…,0.2632,中性,50,2024-12-12
141,douyin,直播坑老人买保健品，太可恶了🤔,0.1203,负面,42,2024-07-03
142,douyin,特别尊老爱幼是传统美德，大家都要学习…,0.6447,正面,2,2024-12-27
143,douyin,退休后参加老年大学，感觉生活充实多了,0.6434,正面,5,2024-10-04
144,douyin,小区新安装了老年健身器材，方便多了👍,0.7364,正面,2,2024-06-25
145,douyin,实在小区新安装了老年健身器材，方便多了🤔,0.656,正面,2,2024-05-27
146,douyin,简直陪着父母去旅游，他们开心极了。,0.6811,正面,1,2024-07-17
147,douyin,太延迟退休政策对老年人有什么影响😔,0.496,中性,7,2024-09-24
148,douyin,真的社区养老服务越来越好了，点赞,0.8716,正面,5,2024-04-05
149,douyin,农村老人看病太难了，要走几十里路,0.1404,负面,1,2024-10-19
150,douyin,希望直播坑老人买保健品，太可恶了😔,0.0141,负面,2,2024-03-03
151,douyin,小区新安装了老年健身器材，方便多了…,0.5703,正面,24,2024-12-13
152,douyin,实在社区食堂对老年人优惠，真的很贴心！,0.7207,正面,2,2024-05-15
153,douyin,养老金年年涨，生活有保障😔,0.7968,正面,1,2024-07-18
154,douyin,退休后参加老年大学，感觉生活充实多了🤔,0.7032,正面,4,2024-09-08
155,douyin,很多公园没有无障碍通道，轮椅过不去😔,0.1455,负面,74,2024-06-19
156,douyin,尊老爱幼是传统美德，大家都要学习,0.5604,正面,2,2024-05-02
157,douyin,实在老年舞蹈队跳得真好看，充满活力,0.7836,正面,8,2024-04-22
158,douyin,陪着父母去旅游，他们开心极了,0.8665,正面,11,2024-10-28
159,douyin,简直陪着父母去旅游，他们开心极了🙏,0.9466,正面,2,2024-06-26
160,douyin,感觉叫120等了40分钟才到，急救反应太慢了🙏,0.1437,负面,10,2024-03-19
161,douyin,很多公园没有无障碍通道，轮椅过不去！,0.1775,负面,3,2024-03-16
162,douyin,有点老年生活也可以很精彩，活到老学到老,0.7907,正面,7,2024-06-20
163,douyin,农村老人看病太难了，要走几十里路。,0.1462,负面,7,2024-01-01
164,douyin,不知道未来养老政策会怎么调整。,0.4823,中性,5,2024-02-12
165,douyin,实在养老模式到底是居家好还是去养老院好💪,0.3405,中性,1,2024-07-26
166,douyin,不知道未来养老政策会怎么调整🙏,0.4622,中性,15,2024-06-08
167,douyin,建议老年人也要与时俱进，学会用智能手机,0.8254,正面,3,2024-12-19
168,douyin,感觉很多公园没有无障碍通道，轮椅过不去。,0.1934,负面,2,2024-10-08
169,douyin,特别养老院条件太差了，费用还死贵。,0.0729,负面,1,2024-03-21
170,douyin,子女都在外地打工，老人独居太可怜😔,0.1314,负面,6,2024-01-09
171,douyin,社区养老服务越来越好了，点赞💪,0.6902,正面,8,2024-01-02
172,douyin,老年人经验丰富，是年轻人的好老师😔,0.9376,正面,1,2024-07-12
173,douyin,小区新安装了老年健身器材，方便多了🤔,0.8655,正面,5,2024-04-06
174,douyin,非常陪着父母去旅游，他们开心极了,0.5634,正面,2,2024-02-11
175,douyin,养老院条件太差了，费用还死贵,0.1491,负面,7,2024-06-20
176,douyin,太每个家庭都会面临养老问题,0.5327,中性,2,2024-01-04
177,douyin,老年生活也可以很精彩，活到老学到老💪,0.7137,正面,8,2024-09-09
178,douyin,社区养老服务越来越好了，点赞😔,0.5699,正面,3,2024-03-02
179,douyin,社区养老服务越来越好了，点赞🙏,0.6678,正面,30,2024-08-07
180,douyin,尊老爱幼是传统美德，大家都要学习😔,0.8053,正面,1,2024-02-10
181,douyin,有些老年公交卡真方便，出行无忧…,0.8144,正面,3,2024-03-12
182,douyin,小区新安装了老年健身器材，方便多了！,0.5678,正面,1,2024-04-27
183,douyin,尊老爱幼是传统美德，大家都要学习,0.8509,正面,27,2024-11-12
184,douyin,太医院对老年人没有专门的照顾窗口👍,0.0532,负面,19,2024-07-18
185,douyin,建议老年生活也可以很精彩，活到老学到老,0.7405,正面,2,2024-09-19
186,douyin,老年舞蹈队跳得真好看，充满活力,0.7296,正面,8,2024-04-26
187,douyin,老年人经验丰富，是年轻人的好老师,0.5813,正面,14,2024-11-05
188,douyin,太老年人也要与时俱进，学会用智能手机👍,0.9157,正面,5,2024-07-18
189,douyin,骗子专门盯着老年人骗，防不胜防💪,0.097,负面,5,2024-10-19
190,douyin,尊老爱幼是传统美德，大家都要学习,0.6093,正面,2,2024-02-19
191,douyin,老年产业应该是个新风口！,0.514,中性,1,2024-07-21
192,douyin,实在小区新安装了老年健身器材，方便多了🙏,0.565,正面,22,2024-10-22
193,douyin,老年公交卡真方便，出行无忧,0.9016,正面,22,2024-12-16
194,douyin,叫120等了40分钟才到，急救反应太慢了！,0.0742,负面,7,2024-05-27
195,douyin,子女都在外地打工，老人独居太可怜,0.0287,负面,3,2024-05-24
196,douyin,养老模式到底是居家好还是去养老院好🤔,0.3308,中性,3,2024-02-07
197,douyin,陪着父母去旅游，他们开心极了👍,0.7129,正面,10,2024-06-27
198,douyin,尊老爱幼是传统美德，大家都要学习…,0.5762,正面,22,2024-03-25
199,douyin,老年公交卡真方便，出行无忧,0.8832,正面,20,2024-01-15
200,douyin,有点老年痴呆走失了警察也找不到👍,0.0478,负面,12,2024-07-21
201,douyin,听说日本老龄化更严重，可以学习经验,0.3617,中性,7,2024-08-19
202,douyin,陪着父母去旅游，他们开心极了💪,0.9078,正面,1,2024-02-10
203,douyin,尊老爱幼是传统美德，大家都要学习,0.8915,正面,1,2024-04-21
204,douyin,延迟退休政策对老年人有什么影响🤔,0.4455,中性,22,2024-01-16
205,douyin,感觉养老基金还够不够用啊！,0.4903,中性,6,2024-12-23
206,douyin,老年人经验丰富，是年轻人的好老师,0.8906,正面,1,2024-08-10
207,douyin,老龄化是社会发展的必然趋势。,0.4035,中性,1,2024-09-21
208,douyin,非常社区养老服务越来越好了，点赞🤔,0.7427,正面,8,2024-06-28
209,douyin,老年人也要与时俱进，学会用智能手机,0.9309,正面,1,2024-03-17
210,douyin,很多公园没有无障碍通道，轮椅过不去…,0.1729,负面,1,2024-11-11
211,douyin,太人口结构变化会影响经济发展…,0.5492,中性,5,2024-07-24
212,douyin,建议养老基金还够不够用啊,0.4948,中性,9,2024-11-18
213,douyin,实在子女都在外地打工，老人独居太可怜🤔,0.0781,负面,7,2024-09-06
214,douyin,尊老爱幼是传统美德，大家都要学习👍,0.8464,正面,2,2024-03-22
215,douyin,听说日本老龄化更严重，可以学习经验！,0.3566,中性,9,2024-07-26
216,douyin,养老金年年涨，生活有保障😔,0.6676,正面,2,2024-01-28
217,douyin,老年生活也可以很精彩，活到老学到老…,0.7502,正面,3,2024-09-10
218,douyin,陪着父母去旅游，他们开心极了。,0.6103,正面,10,2024-07-19
219,douyin,陪着父母去旅游，他们开心极了😔,0.8363,正面,7,2024-06-21
220,douyin,实在老年人是社会的财富，应该多关心他们🙏,0.5519,正面,16,2024-03-16
221,douyin,老年人经验丰富，是年轻人的好老师😔,0.8034,正面,8,2024-07-01
222,douyin,特别老年人也要与时俱进，学会用智能手机👍,0.6992,正面,6,2024-04-01
223,douyin,听说日本老龄化更严重，可以学习经验！,0.3179,中性,1,2024-03-04
224,douyin,退休后参加老年大学，感觉生活充实多了！,0.6168,正面,3,2024-05-15
225,douyin,有点社区食堂对老年人优惠，真的很贴心。,0.9482,正面,2,2024-04-06
226,douyin,建议老年生活也可以很精彩，活到老学到老,0.8409,正面,2,2024-10-17
227,douyin,希望老年人也要与时俱进，学会用智能手机！,0.8102,正面,51,2024-09-20
228,douyin,老龄化是社会发展的必然趋势,0.4486,中性,3,2024-01-23
229,douyin,建议老年人经验丰富，是年轻人的好老师,0.5994,正面,21,2024-04-23
230,douyin,社区食堂对老年人优惠，真的很贴心🙏,0.5904,正面,7,2024-10-23
231,douyin,老年公交卡真方便，出行无忧,0.592,正面,13,2024-05-04
232,douyin,有些养老金年年涨，生活有保障,0.6299,正面,5,2024-06-23
233,douyin,老年人是社会的财富，应该多关心他们💪,0.7693,正面,6,2024-08-11
234,douyin,感觉社区食堂对老年人优惠，真的很贴心🤔,0.5856,正面,5,2024-08-05
235,douyin,非常重庆的老龄化程度在全国处于什么水平🤔,0.4671,中性,2,2024-04-15
236,douyin,真的老年人是社会的财富，应该多关心他们！,0.5899,正面,9,2024-06-26
237,douyin,社区养老服务越来越好了，点赞,0.588,正面,2,2024-01-28
238,douyin,不知道未来养老政策会怎么调整🙏,0.3486,中性,1,2024-05-24
239,douyin,感谢政府对老年人的关怀和照顾😔,0.6231,正面,7,2024-05-27
240,douyin,人口结构变化会影响经济发展,0.49,中性,2,2024-02-05
241,douyin,买药太贵了，慢性病吃药一年花好几万🙏,0.0403,负面,31,2024-08-26
242,douyin,老年人经验丰富，是年轻人的好老师🤔,0.8617,正面,37,2024-12-05
243,douyin,直播坑老人买保健品，太可恶了,0.1786,负面,25,2024-05-21
244,douyin,陪着父母去旅游，他们开心极了🙏,0.8212,正面,3,2024-12-19
245,douyin,子女都在外地打工，老人独居太可怜💪,0.1759,负面,1,2024-12-20
246,douyin,希望老年人也要与时俱进，学会用智能手机🤔,0.6494,正面,28,2024-07-05
247,douyin,老年公交卡真方便，出行无忧😔,0.6128,正面,4,2024-03-03
248,douyin,简直感谢政府对老年人的关怀和照顾👍,0.9381,正面,45,2024-11-13
249,douyin,直播坑老人买保健品，太可恶了😔,0.0972,负面,43,2024-02-28
250,douyin,社区养老服务越来越好了，点赞,0.9423,正面,17,2024-02-13
251,douyin,感觉老年志愿者真了不起，值得尊敬🙏,0.5501,正面,2,2024-11-10
252,douyin,真的人口结构变化会影响经济发展,0.5351,中性,3,2024-08-11
253,douyin,希望养老模式到底是居家好还是去养老院好,0.4648,中性,16,2024-01-11
254,douyin,很多公园没有无障碍通道，轮椅过不去💪,0.0655,负面,3,2024-02-02
255,douyin,陪着父母去旅游，他们开心极了,0.8367,正面,1,2024-05-20
256,douyin,简直老年公交卡真方便，出行无忧💪,0.8909,正面,6,2024-06-04
257,douyin,社区食堂对老年人优惠，真的很贴心😔,0.885,正面,30,2024-08-22
258,douyin,太叫120等了40分钟才到，急救反应太慢了🙏,0.1108,负面,9,2024-08-17
259,douyin,太不知道未来养老政策会怎么调整🤔,0.4691,中性,6,2024-10-20
260,douyin,老年人经验丰富，是年轻人的好老师💪,0.7175,正面,1,2024-04-09
261,douyin,太老年人在家摔倒没人知道怎么办🙏,0.096,负面,7,2024-12-24
262,douyin,骗子专门盯着老年人骗，防不胜防👍,0.1735,负面,91,2024-11-07
263,douyin,希望老年人也要与时俱进，学会用智能手机,0.6662,正面,1,2024-12-21
264,douyin,老年人也要与时俱进，学会用智能手机。,0.8048,正面,5,2024-09-16
265,douyin,老年产业应该是个新风口,0.3358,中性,19,2024-09-04
266,douyin,实在老年人是社会的财富，应该多关心他们！,0.8181,正面,10,2024-11-09
267,douyin,有些老年痴呆走失了警察也找不到,0.159,负面,9,2024-06-27
268,douyin,陪着父母去旅游，他们开心极了,0.8202,正面,9,2024-12-21
269,douyin,老年舞蹈队跳得真好看，充满活力💪,0.8687,正面,3,2024-11-02
270,douyin,有些老年舞蹈队跳得真好看，充满活力,0.9403,正面,2,2024-01-24
271,douyin,陪着父母去旅游，他们开心极了,0.8624,正面,13,2024-11-23
272,douyin,建议老年产业应该是个新风口,0.4715,中性,13,2024-05-15
273,douyin,有些直播坑老人买保健品，太可恶了,0.0455,负面,18,2024-07-02
274,douyin,退休后参加老年大学，感觉生活充实多了！,0.602,正面,24,2024-01-11
275,douyin,不知道未来养老政策会怎么调整🙏,0.262,中性,5,2024-01-25
276,douyin,建议养老金年年涨，生活有保障。,0.7701,正面,5,2024-09-08
277,douyin,老年舞蹈队跳得真好看，充满活力👍,0.7521,正面,13,2024-07-03
278,douyin,非常老年生活也可以很精彩，活到老学到老,0.8153,正面,7,2024-10-17
279,douyin,买药太贵了，慢性病吃药一年花好几万,0.1529,负面,9,2024-11-12
280,douyin,社区食堂对老年人优惠，真的很贴心,0.7955,正面,13,2024-11-11
281,douyin,直播坑老人买保健品，太可恶了！,0.0833,负面,21,2024-01-17
282,douyin,希望老年志愿者真了不起，值得尊敬,0.7282,正面,3,2024-06-17
283,douyin,养老院条件太差了，费用还死贵👍,0.1946,负面,3,2024-01-21
284,douyin,社区食堂对老年人优惠，真的很贴心…,0.8594,正面,1,2024-02-07
285,douyin,有点重庆的老龄化程度在全国处于什么水平💪,0.4741,中性,6,2024-06-02
286,douyin,尊老爱幼是传统美德，大家都要学习🙏,0.8677,正面,1,2024-04-09
287,douyin,太社区食堂对老年人优惠，真的很贴心🤔,0.7118,正面,4,2024-02-18
288,douyin,养老基金还够不够用啊,0.269,中性,5,2024-12-28
289,douyin,老年志愿者真了不起，值得尊敬！,0.5925,正面,2,2024-10-03
290,douyin,人口结构变化会影响经济发展,0.3644,中性,6,2024-08-06
291,douyin,老年人经验丰富，是年轻人的好老师！,0.8687,正面,1,2024-11-05
292,douyin,有些养老模式到底是居家好还是去养老院好,0.5372,中性,1,2024-02-02
293,douyin,老年人经验丰富，是年轻人的好老师！,0.7649,正面,14,2024-04-24
294,douyin,老年公交卡真方便，出行无忧,0.8084,正面,3,2024-03-08
295,douyin,尊老爱幼是传统美德，大家都要学习,0.8184,正面,1,2024-09-15
296,douyin,感觉社区养老服务越来越好了，点赞😔,0.6503,正面,5,2024-06-12
297,douyin,听说日本老龄化更严重，可以学习经验,0.28,中性,11,2024-06-16
298,douyin,社区食堂对老年人优惠，真的很贴心🙏,0.6723,正面,2,2024-10-12
299,douyin,简直养老院条件太差了，费用还死贵💪,0.0109,负面,7,2024-12-21
300,douyin,感谢政府对老年人的关怀和照顾😔,0.6037,正面,1,2024-08-15
301,douyin,感觉人口结构变化会影响经济发展,0.4155,中性,1,2024-05-28
302,douyin,去大医院排队排到心塞，老年人体力吃不消,0.06,负面,5,2024-12-03
303,douyin,子女都在外地打工，老人独居太可怜…,0.0159,负面,5,2024-10-07
304,douyin,老年志愿者真了不起，值得尊敬🤔,0.9076,正面,7,2024-03-12
305,douyin,老年舞蹈队跳得真好看，充满活力,0.7858,正面,10,2024-08-17
306,douyin,感觉老年志愿者真了不起，值得尊敬🤔,0.5542,正面,55,2024-03-25
307,douyin,尊老爱幼是传统美德，大家都要学习,0.7765,正面,5,2024-12-24
308,douyin,叫120等了40分钟才到，急救反应太慢了,0.0516,负面,3,2024-05-12
309,douyin,老年生活也可以很精彩，活到老学到老…,0.7572,正面,13,2024-08-15
310,douyin,社区食堂对老年人优惠，真的很贴心👍,0.6796,正面,2,2024-11-27
311,douyin,老年人在家摔倒没人知道怎么办…,0.1199,负面,4,2024-11-13
312,douyin,简直重庆的老龄化程度在全国处于什么水平👍,0.405,中性,1,2024-07-12
313,douyin,实在小区新安装了老年健身器材，方便多了😔,0.9049,正面,1,2024-03-08
314,douyin,特别退休后参加老年大学，感觉生活充实多了🙏,0.6346,正面,42,2024-12-27
315,douyin,每个家庭都会面临养老问题😔,0.4934,中性,15,2024-11-16
316,douyin,尊老爱幼是传统美德，大家都要学习,0.8089,正面,9,2024-01-05
317,douyin,老年志愿者真了不起，值得尊敬,0.5657,正面,4,2024-03-09
318,douyin,老年人经验丰富，是年轻人的好老师,0.7897,正面,1,2024-12-24
319,douyin,去大医院排队排到心塞，老年人体力吃不消😔,0.0953,负面,1,2024-03-08
320,douyin,希望养老基金还够不够用啊👍,0.4961,中性,2,2024-05-06
321,douyin,太医院对老年人没有专门的照顾窗口,0.1222,负面,5,2024-02-01
322,douyin,老年公交卡真方便，出行无忧,0.7517,正面,9,2024-10-04
323,douyin,养老金年年涨，生活有保障👍,0.7899,正面,8,2024-09-25
324,douyin,社区食堂对老年人优惠，真的很贴心,0.6021,正面,2,2024-11-21
325,douyin,感谢政府对老年人的关怀和照顾…,0.8999,正面,38,2024-04-26
326,douyin,每个家庭都会面临养老问题💪,0.3552,中性,10,2024-10-04
327,douyin,小区新安装了老年健身器材，方便多了,0.8563,正面,5,2024-05-20
328,douyin,老年人是社会的财富，应该多关心他们🙏,0.8337,正面,7,2024-09-04
329,douyin,特别老年生活也可以很精彩，活到老学到老,0.8251,正面,4,2024-03-14
330,douyin,非常老年志愿者真了不起，值得尊敬🤔,0.7194,正面,2,2024-07-25
331,douyin,有些老年舞蹈队跳得真好看，充满活力👍,0.773,正面,3,2024-08-09
332,douyin,老年舞蹈队跳得真好看，充满活力🤔,0.8322,正面,11,2024-02-24
333,douyin,有些老年人也要与时俱进，学会用智能手机…,0.9297,正面,1,2024-06-26
334,douyin,实在社区食堂对老年人优惠，真的很贴心😔,0.5521,正面,1,2024-10-14
335,douyin,老年生活也可以很精彩，活到老学到老💪,0.6983,正面,1,2024-07-13
336,douyin,养老基金还够不够用啊,0.2672,中性,1,2024-11-16
337,douyin,陪着父母去旅游，他们开心极了！,0.8128,正面,17,2024-04-02
338,douyin,老龄化是社会发展的必然趋势,0.3579,中性,9,2024-02-09
339,douyin,真的老年人经验丰富，是年轻人的好老师💪,0.7122,正面,4,2024-12-03
340,douyin,老年人也要与时俱进，学会用智能手机。,0.8819,正面,1,2024-06-27
341,douyin,老年生活也可以很精彩，活到老学到老,0.7319,正面,5,2024-05-06
342,douyin,确实老年志愿者真了不起，值得尊敬👍,0.579,正面,4,2024-05-18
343,douyin,每个家庭都会面临养老问题。,0.419,中性,1,2024-08-22
344,douyin,确实买药太贵了，慢性病吃药一年花好几万…,0.0152,负面,4,2024-11-26
345,douyin,听说日本老龄化更严重，可以学习经验。,0.49,中性,3,2024-09-18
346,douyin,希望延迟退休政策对老年人有什么影响💪,0.3245,中性,7,2024-06-03
347,douyin,感谢政府对老年人的关怀和照顾,0.6374,正面,7,2024-12-22
348,douyin,非常老年生活也可以很精彩，活到老学到老,0.6439,正面,1,2024-04-07
349,douyin,确实农村老人看病太难了，要走几十里路🤔,0.0396,负面,3,2024-11-16
350,douyin,老年产业应该是个新风口。,0.5374,中性,7,2024-10-11
351,douyin,直播带货卖假货给老人，没人管管吗😔,0.1804,负面,5,2024-03-25
352,douyin,太老年舞蹈队跳得真好看，充满活力😔,0.7807,正面,17,2024-09-02
353,douyin,社区食堂对老年人优惠，真的很贴心,0.8604,正面,8,2024-12-17
354,douyin,感觉老年人是社会的财富，应该多关心他们,0.5547,正面,1,2024-06-12
355,douyin,退休后参加老年大学，感觉生活充实多了🙏,0.6449,正面,1,2024-06-12
356,douyin,老年生活也可以很精彩，活到老学到老。,0.7176,正面,7,2024-07-09
357,douyin,尊老爱幼是传统美德，大家都要学习,0.9417,正面,1,2024-12-09
358,douyin,建议陪着父母去旅游，他们开心极了,0.7024,正面,6,2024-08-26
359,douyin,小区新安装了老年健身器材，方便多了🤔,0.6038,正面,31,2024-09-18
360,douyin,延迟退休政策对老年人有什么影响,0.3253,中性,6,2024-07-04
361,douyin,陪着父母去旅游，他们开心极了,0.6517,正面,3,2024-08-24
362,douyin,感谢政府对老年人的关怀和照顾！,0.7741,正面,7,2024-06-01
363,douyin,陪着父母去旅游，他们开心极了🙏,0.8218,正面,4,2024-10-21
364,douyin,老年人在家摔倒没人知道怎么办😔,0.0775,负面,5,2024-12-15
365,douyin,退休后参加老年大学，感觉生活充实多了,0.7355,正面,32,2024-11-26
366,douyin,养老金年年涨，生活有保障,0.7787,正面,3,2024-02-06
367,douyin,感谢政府对老年人的关怀和照顾🙏,0.8112,正面,41,2024-11-13
368,douyin,感觉很多公园没有无障碍通道，轮椅过不去👍,0.1739,负面,23,2024-08-14
369,douyin,非常老年人是社会的财富，应该多关心他们💪,0.6,正面,2,2024-12-24
370,douyin,有点老年人经验丰富，是年轻人的好老师👍,0.5912,正面,1,2024-01-01
371,douyin,社区养老服务越来越好了，点赞,0.5916,正面,1,2024-11-13
372,douyin,老年人也要与时俱进，学会用智能手机,0.6637,正面,1,2024-09-27
373,douyin,社区食堂对老年人优惠，真的很贴心😔,0.6927,正面,1,2024-08-28
374,douyin,尊老爱幼是传统美德，大家都要学习,0.9378,正面,8,2024-10-20
375,douyin,养老基金还够不够用啊👍,0.3805,中性,1,2024-05-12
376,douyin,太老年舞蹈队跳得真好看，充满活力！,0.5858,正面,3,2024-03-10
377,douyin,非常陪着父母去旅游，他们开心极了😔,0.8533,正面,16,2024-09-01
378,douyin,社区没有老年活动场所，天天在家发呆！,0.0669,负面,1,2024-10-08
379,douyin,老年生活也可以很精彩，活到老学到老…,0.7147,正面,14,2024-04-06
380,douyin,去大医院排队排到心塞，老年人体力吃不消,0.06,负面,2,2024-09-25
381,douyin,简直老年人也要与时俱进，学会用智能手机,0.7628,正面,1,2024-03-05
382,douyin,感觉小区新安装了老年健身器材，方便多了😔,0.7971,正面,9,2024-04-11
383,douyin,老年志愿者真了不起，值得尊敬！,0.5589,正面,7,2024-05-05
384,douyin,简直听说日本老龄化更严重，可以学习经验。,0.2771,中性,19,2024-07-10
385,douyin,确实社区没有老年活动场所，天天在家发呆,0.1424,负面,10,2024-01-09
386,douyin,小区新安装了老年健身器材，方便多了！,0.6226,正面,13,2024-07-27
387,douyin,有点老年舞蹈队跳得真好看，充满活力,0.8359,正面,2,2024-12-02
388,douyin,老年舞蹈队跳得真好看，充满活力,0.5876,正面,2,2024-08-13
389,douyin,有些养老院条件太差了，费用还死贵👍,0.1295,负面,11,2024-02-09
390,douyin,希望听说日本老龄化更严重，可以学习经验,0.3581,中性,13,2024-02-08
391,douyin,尊老爱幼是传统美德，大家都要学习…,0.8678,正面,93,2024-04-01
392,douyin,确实人口结构变化会影响经济发展,0.4565,中性,4,2024-03-16
393,douyin,养老模式到底是居家好还是去养老院好🤔,0.5293,中性,3,2024-01-02
394,douyin,简直老年产业应该是个新风口。,0.4874,中性,12,2024-09-26
395,douyin,太社区没有老年活动场所，天天在家发呆。,0.1493,负面,3,2024-12-05
396,douyin,社区没有老年活动场所，天天在家发呆👍,0.1443,负面,29,2024-12-16
397,douyin,老年志愿者真了不起，值得尊敬！,0.6891,正面,17,2024-10-28
398,douyin,尊老爱幼是传统美德，大家都要学习👍,0.7298,正面,4,2024-06-15
399,douyin,真的老年产业应该是个新风口🙏,0.3637,中性,11,2024-06-25
400,douyin,社区养老服务越来越好了，点赞…,0.8133,正面,11,2024-04-17
401,douyin,希望不知道未来养老政策会怎么调整。,0.4339,中性,1,2024-02-04
402,douyin,确实尊老爱幼是传统美德，大家都要学习😔,0.6215,正面,23,2024-04-04
403,douyin,陪着父母去旅游，他们开心极了🙏,0.7054,正面,5,2024-12-19
404,douyin,简直老年生活也可以很精彩，活到老学到老🤔,0.7924,正面,15,2024-08-27
405,douyin,社区食堂对老年人优惠，真的很贴心…,0.5743,正面,3,2024-06-26
406,douyin,老年人在家摔倒没人知道怎么办！,0.1105,负面,21,2024-02-07
407,douyin,有些老年生活也可以很精彩，活到老学到老🤔,0.7627,正面,3,2024-04-19
408,douyin,希望老年志愿者真了不起，值得尊敬🙏,0.7161,正面,1,2024-06-22
409,douyin,实在每个家庭都会面临养老问题👍,0.5148,中性,23,2024-07-17
410,douyin,老年产业应该是个新风口。,0.5495,中性,1,2024-06-18
411,douyin,养老金根本不够用，物价涨得太快💪,0.1552,负面,3,2024-06-20
412,douyin,老年生活也可以很精彩，活到老学到老💪,0.7,正面,35,2024-05-12
413,douyin,非常老年人经验丰富，是年轻人的好老师🙏,0.5501,正面,35,2024-01-17
414,douyin,老年人在家摔倒没人知道怎么办,0.0112,负面,6,2024-06-01
415,douyin,骗子专门盯着老年人骗，防不胜防,0.1157,负面,7,2024-02-02
416,douyin,尊老爱幼是传统美德，大家都要学习,0.656,正面,4,2024-04-09
417,douyin,确实老年人经验丰富，是年轻人的好老师💪,0.7776,正面,2,2024-06-26
418,douyin,陪着父母去旅游，他们开心极了,0.9096,正面,3,2024-10-21
419,douyin,真的老年舞蹈队跳得真好看，充满活力。,0.7805,正面,8,2024-06-27
420,douyin,陪着父母去旅游，他们开心极了💪,0.5982,正面,11,2024-11-28
421,douyin,每个家庭都会面临养老问题。,0.2662,中性,12,2024-09-19
422,douyin,建议老年人也要与时俱进，学会用智能手机…,0.6383,正面,12,2024-08-25
423,douyin,特别退休后参加老年大学，感觉生活充实多了,0.8645,正面,1,2024-08-19
424,douyin,退休后参加老年大学，感觉生活充实多了💪,0.584,正面,5,2024-03-25
425,douyin,老年生活也可以很精彩，活到老学到老,0.7451,正面,1,2024-09-20
426,douyin,感觉退休后参加老年大学，感觉生活充实多了,0.8607,正面,5,2024-02-22
427,douyin,希望感谢政府对老年人的关怀和照顾,0.6262,正面,4,2024-05-06
428,douyin,人口结构变化会影响经济发展,0.437,中性,20,2024-04-22
429,douyin,真的老年人也要与时俱进，学会用智能手机,0.8911,正面,3,2024-10-05
430,douyin,有点老年人也要与时俱进，学会用智能手机,0.8717,正面,1,2024-06-07
431,douyin,老年志愿者真了不起，值得尊敬🙏,0.8501,正面,1,2024-12-05
432,douyin,实在老年公交卡真方便，出行无忧,0.8154,正面,11,2024-05-07
433,douyin,希望社区食堂对老年人优惠，真的很贴心！,0.9281,正面,7,2024-11-28
434,douyin,叫120等了40分钟才到，急救反应太慢了…,0.0656,负面,1,2024-04-13
435,douyin,社区没有老年活动场所，天天在家发呆,0.1747,负面,1,2024-04-17
436,douyin,有些老年人也要与时俱进，学会用智能手机！,0.5586,正面,9,2024-06-16
437,douyin,希望老龄化是社会发展的必然趋势！,0.354,中性,1,2024-04-17
438,douyin,真的子女都在外地打工，老人独居太可怜👍,0.059,负面,14,2024-05-08
439,douyin,太老年人经验丰富，是年轻人的好老师👍,0.8128,正面,9,2024-11-20
440,douyin,养老金年年涨，生活有保障🙏,0.6111,正面,1,2024-06-15
441,douyin,尊老爱幼是传统美德，大家都要学习,0.7824,正面,1,2024-03-10
442,douyin,感觉老年公交卡真方便，出行无忧,0.9403,正面,77,2024-06-03
443,douyin,陪着父母去旅游，他们开心极了。,0.9019,正面,3,2024-07-14
444,douyin,老年公交卡真方便，出行无忧💪,0.8787,正面,3,2024-05-05
445,douyin,尊老爱幼是传统美德，大家都要学习🙏,0.5605,正面,14,2024-05-20
446,douyin,建议听说日本老龄化更严重，可以学习经验😔,0.4562,中性,34,2024-03-17
447,douyin,有点养老模式到底是居家好还是去养老院好,0.3052,中性,75,2024-03-07
448,douyin,老年舞蹈队跳得真好看，充满活力…,0.9375,正面,11,2024-04-24
449,douyin,重庆的老龄化程度在全国处于什么水平😔,0.3031,中性,3,2024-10-16
450,douyin,直播带货卖假货给老人，没人管管吗,0.0569,负面,1,2024-10-24
451,douyin,每个家庭都会面临养老问题🙏,0.4335,中性,12,2024-09-17
452,douyin,小区新安装了老年健身器材，方便多了,0.7328,正面,6,2024-09-18
453,douyin,叫120等了40分钟才到，急救反应太慢了🤔,0.116,负面,4,2024-01-07
454,douyin,老年公交卡真方便，出行无忧😔,0.6718,正面,23,2024-03-14
455,douyin,老龄化是社会发展的必然趋势😔,0.457,中性,1,2024-11-15
456,douyin,重庆的老龄化程度在全国处于什么水平💪,0.3039,中性,5,2024-09-05
457,douyin,小区新安装了老年健身器材，方便多了💪,0.56,正面,1,2024-04-15
458,douyin,老年人也要与时俱进，学会用智能手机,0.8094,正面,4,2024-12-24
459,douyin,有些老年人也要与时俱进，学会用智能手机💪,0.7298,正面,1,2024-07-24
460,douyin,特别老年人经验丰富，是年轻人的好老师🙏,0.5676,正面,1,2024-11-28
461,douyin,尊老爱幼是传统美德，大家都要学习…,0.6215,正面,1,2024-05-10
462,douyin,简直尊老爱幼是传统美德，大家都要学习,0.597,正面,7,2024-10-25
463,douyin,小区新安装了老年健身器材，方便多了,0.8922,正面,10,2024-10-16
464,douyin,社区食堂对老年人优惠，真的很贴心,0.7403,正面,6,2024-10-20
465,douyin,老年志愿者真了不起，值得尊敬,0.6612,正面,42,2024-01-06
466,douyin,感谢政府对老年人的关怀和照顾🤔,0.5647,正面,3,2024-10-27
467,douyin,社区养老服务越来越好了，点赞,0.5696,正面,2,2024-03-22
468,douyin,养老基金还够不够用啊😔,0.4217,中性,18,2024-12-19
469,douyin,太直播坑老人买保健品，太可恶了,0.156,负面,2,2024-07-27
470,douyin,尊老爱幼是传统美德，大家都要学习。,0.5988,正面,43,2024-09-14
471,douyin,养老基金还够不够用啊🤔,0.2675,中性,1,2024-09-03
472,douyin,养老基金还够不够用啊！,0.5302,中性,48,2024-07-20
473,douyin,实在养老金年年涨，生活有保障🙏,0.948,正面,1,2024-10-16
474,douyin,非常尊老爱幼是传统美德，大家都要学习,0.9035,正面,21,2024-01-04
475,douyin,老年舞蹈队跳得真好看，充满活力🙏,0.5972,正面,5,2024-07-14
476,douyin,希望老年志愿者真了不起，值得尊敬,0.8724,正面,110,2024-12-10
477,douyin,延迟退休政策对老年人有什么影响,0.3401,中性,1,2024-02-22
478,douyin,老年人也要与时俱进，学会用智能手机,0.7776,正面,5,2024-04-11
479,douyin,社区没有老年活动场所，天天在家发呆🤔,0.1841,负面,48,2024-03-16
480,douyin,老年产业应该是个新风口…,0.5188,中性,5,2024-12-02
481,douyin,社区食堂对老年人优惠，真的很贴心,0.6762,正面,7,2024-10-22
482,douyin,真的养老模式到底是居家好还是去养老院好。,0.2699,中性,9,2024-07-21
483,douyin,非常老年人经验丰富，是年轻人的好老师💪,0.625,正面,4,2024-06-23
484,douyin,有点社区养老服务越来越好了，点赞！,0.7488,正面,7,2024-04-17
485,douyin,感谢政府对老年人的关怀和照顾,0.864,正面,6,2024-08-17
486,douyin,有点老年产业应该是个新风口💪,0.2962,中性,22,2024-09-10
487,douyin,陪着父母去旅游，他们开心极了👍,0.5893,正面,1,2024-11-05
488,douyin,人口结构变化会影响经济发展,0.3663,中性,2,2024-01-10
489,douyin,真的养老基金还够不够用啊,0.5116,中性,35,2024-09-25
490,douyin,老年舞蹈队跳得真好看，充满活力。,0.6749,正面,21,2024-04-07
491,douyin,感谢政府对老年人的关怀和照顾！,0.8591,正面,4,2024-03-06
492,douyin,有些养老金年年涨，生活有保障。,0.7739,正面,7,2024-09-11
493,douyin,老年人也要与时俱进，学会用智能手机,0.8716,正面,2,2024-02-10
494,douyin,老年人是社会的财富，应该多关心他们🤔,0.602,正面,2,2024-01-04
495,douyin,老年人经验丰富，是年轻人的好老师🙏,0.7068,正面,4,2024-11-27
496,douyin,希望延迟退休政策对老年人有什么影响👍,0.3497,中性,3,2024-02-25
497,douyin,社区养老服务越来越好了，点赞😔,0.8751,正面,6,2024-02-15
498,douyin,人口结构变化会影响经济发展,0.3912,中性,1,2024-10-09
499,douyin,特别老年人也要与时俱进，学会用智能手机😔,0.9169,正面,53,2024-08-01
500,douyin,感谢政府对老年人的关怀和照顾！,0.7415,正面,76,2024-06-20
501,douyin,老年人经验丰富，是年轻人的好老师。,0.877,正面,9,2024-09-21
502,douyin,老年产业应该是个新风口,0.3883,中性,5,2024-10-08
503,douyin,建议养老金根本不够用，物价涨得太快🙏,0.0226,负面,3,2024-07-26
504,douyin,希望感谢政府对老年人的关怀和照顾🤔,0.7678,正面,14,2024-02-24
505,douyin,养老金年年涨，生活有保障😔,0.7352,正面,8,2024-03-10
506,douyin,社区养老服务越来越好了，点赞…,0.8242,正面,1,2024-06-16
507,douyin,陪着父母去旅游，他们开心极了🤔,0.6056,正面,24,2024-01-25
508,douyin,感觉人口结构变化会影响经济发展😔,0.4094,中性,14,2024-04-07
509,douyin,太老年舞蹈队跳得真好看，充满活力💪,0.9153,正面,35,2024-06-03
510,douyin,非常老年产业应该是个新风口,0.3713,中性,10,2024-06-18
511,douyin,非常老年志愿者真了不起，值得尊敬,0.8783,正面,7,2024-04-14
512,douyin,每个家庭都会面临养老问题,0.3718,中性,4,2024-11-06
513,douyin,老年志愿者真了不起，值得尊敬…,0.7038,正面,29,2024-03-10
514,douyin,有点社区养老服务越来越好了，点赞🤔,0.8094,正面,18,2024-07-05
515,douyin,老年舞蹈队跳得真好看，充满活力💪,0.7163,正面,1,2024-10-14
516,douyin,老年人经验丰富，是年轻人的好老师。,0.7708,正面,1,2024-04-06
517,douyin,养老基金还够不够用啊💪,0.3994,中性,3,2024-09-09
518,douyin,医院对老年人没有专门的照顾窗口🙏,0.0797,负面,13,2024-08-23
519,douyin,建议小区新安装了老年健身器材，方便多了💪,0.9347,正面,79,2024-09-28
520,douyin,社区养老服务越来越好了，点赞,0.7593,正面,1,2024-08-21
521,douyin,真的老年产业应该是个新风口。,0.4894,中性,6,2024-09-25
522,douyin,老年志愿者真了不起，值得尊敬。,0.9124,正面,3,2024-07-12
523,douyin,老年人是社会的财富，应该多关心他们！,0.828,正面,48,2024-12-26
524,douyin,小区新安装了老年健身器材，方便多了🤔,0.7813,正面,16,2024-05-26
525,douyin,非常社区养老服务越来越好了，点赞！,0.6007,正面,15,2024-03-20
526,douyin,实在退休后参加老年大学，感觉生活充实多了🙏,0.5557,正面,4,2024-12-05
527,douyin,尊老爱幼是传统美德，大家都要学习😔,0.6545,正面,4,2024-03-26
528,douyin,社区养老服务越来越好了，点赞,0.9369,正面,2,2024-08-25
529,douyin,听说日本老龄化更严重，可以学习经验,0.4482,中性,1,2024-04-19
530,douyin,实在退休后参加老年大学，感觉生活充实多了😔,0.8522,正面,18,2024-07-16
531,douyin,希望老年舞蹈队跳得真好看，充满活力💪,0.919,正面,14,2024-07-16
532,douyin,有点陪着父母去旅游，他们开心极了…,0.7239,正面,586,2024-11-11
533,douyin,老年志愿者真了不起，值得尊敬…,0.805,正面,163,2024-10-21
534,douyin,感觉退休后参加老年大学，感觉生活充实多了…,0.8709,正面,5,2024-08-25
535,douyin,养老基金还够不够用啊🤔,0.4811,中性,11,2024-12-06
536,douyin,太社区食堂对老年人优惠，真的很贴心,0.5534,正面,33,2024-09-04
537,douyin,真的老年人也要与时俱进，学会用智能手机🙏,0.6633,正面,16,2024-02-02
538,douyin,子女都在外地打工，老人独居太可怜,0.0331,负面,2,2024-10-05
539,douyin,确实养老基金还够不够用啊💪,0.491,中性,4,2024-03-09
540,douyin,老年公交卡真方便，出行无忧！,0.5803,正面,1,2024-07-23
541,douyin,老年舞蹈队跳得真好看，充满活力…,0.5796,正面,37,2024-07-11
542,douyin,陪着父母去旅游，他们开心极了😔,0.6559,正面,6,2024-04-20
543,douyin,小区新安装了老年健身器材，方便多了…,0.5934,正面,2,2024-04-20
544,douyin,确实老年痴呆走失了警察也找不到🙏,0.0592,负面,8,2024-12-09
545,douyin,小区新安装了老年健身器材，方便多了,0.6095,正面,7,2024-11-13
546,douyin,感谢政府对老年人的关怀和照顾👍,0.9118,正面,3,2024-12-25
547,douyin,老年人经验丰富，是年轻人的好老师,0.8876,正面,1,2024-09-08
548,douyin,老年人也要与时俱进，学会用智能手机🙏,0.8772,正面,8,2024-09-12
549,douyin,每个家庭都会面临养老问题🤔,0.2666,中性,5,2024-02-12
550,douyin,简直小区新安装了老年健身器材，方便多了,0.8542,正面,11,2024-09-02
551,douyin,延迟退休政策对老年人有什么影响🤔,0.4588,中性,5,2024-12-12
552,douyin,真的社区食堂对老年人优惠，真的很贴心,0.7252,正面,17,2024-01-24
553,douyin,社区养老服务越来越好了，点赞😔,0.8671,正面,5,2024-09-27
554,douyin,建议叫120等了40分钟才到，急救反应太慢了,0.017,负面,6,2024-07-04
555,douyin,子女都在外地打工，老人独居太可怜👍,0.1094,负面,19,2024-03-24
556,douyin,叫120等了40分钟才到，急救反应太慢了,0.1497,负面,3,2024-08-20
557,douyin,真的社区食堂对老年人优惠，真的很贴心！,0.6022,正面,1,2024-02-15
558,douyin,有点直播坑老人买保健品，太可恶了🙏,0.1654,负面,1,2024-10-08
559,douyin,养老金根本不够用，物价涨得太快💪,0.0741,负面,11,2024-11-13
560,douyin,简直社区食堂对老年人优惠，真的很贴心,0.7804,正面,7,2024-10-06
561,douyin,退休后参加老年大学，感觉生活充实多了💪,0.6065,正面,9,2024-06-18
562,douyin,希望老年公交卡真方便，出行无忧🙏,0.7828,正面,2,2024-07-25
563,douyin,确实小区新安装了老年健身器材，方便多了💪,0.5823,正面,1,2024-11-19
564,douyin,老年舞蹈队跳得真好看，充满活力,0.8669,正面,1,2024-04-05
565,douyin,建议老年人经验丰富，是年轻人的好老师,0.6457,正面,3,2024-10-06
566,douyin,重庆的老龄化程度在全国处于什么水平。,0.4382,中性,6,2024-07-01
567,douyin,老年志愿者真了不起，值得尊敬👍,0.9407,正面,3,2024-09-08
568,douyin,实在听说日本老龄化更严重，可以学习经验🤔,0.3329,中性,4,2024-08-16
569,douyin,老年公交卡真方便，出行无忧！,0.5672,正面,23,2024-04-14
570,douyin,老年舞蹈队跳得真好看，充满活力,0.906,正面,3,2024-12-02
571,douyin,简直老年人是社会的财富，应该多关心他们💪,0.744,正面,5,2024-08-19
572,douyin,确实老年人也要与时俱进，学会用智能手机。,0.8207,正面,12,2024-04-04
573,douyin,有点听说日本老龄化更严重，可以学习经验🙏,0.3627,中性,3,2024-08-02
574,douyin,特别老年公交卡真方便，出行无忧,0.7938,正面,7,2024-08-24
575,douyin,建议延迟退休政策对老年人有什么影响🙏,0.3107,中性,17,2024-01-09
576,douyin,特别小区新安装了老年健身器材，方便多了,0.7334,正面,35,2024-05-20
577,douyin,养老基金还够不够用啊👍,0.5217,中性,1,2024-04-03
578,douyin,有点社区没有老年活动场所，天天在家发呆😔,0.1738,负面,27,2024-05-01
579,douyin,听说日本老龄化更严重，可以学习经验,0.3243,中性,5,2024-10-05
580,douyin,老年人是社会的财富，应该多关心他们👍,0.566,正面,2,2024-01-14
581,douyin,有点老年舞蹈队跳得真好看，充满活力,0.8287,正面,4,2024-02-18
582,douyin,非常每个家庭都会面临养老问题,0.535,中性,61,2024-11-03
583,douyin,退休后参加老年大学，感觉生活充实多了🙏,0.6147,正面,5,2024-12-19
584,douyin,社区没有老年活动场所，天天在家发呆…,0.1566,负面,3,2024-03-26
585,douyin,建议老龄化是社会发展的必然趋势。,0.5081,中性,7,2024-09-02
586,douyin,退休后参加老年大学，感觉生活充实多了🙏,0.8292,正面,2,2024-04-26
587,douyin,希望养老模式到底是居家好还是去养老院好。,0.4707,中性,1,2024-01-04
588,douyin,希望养老金年年涨，生活有保障👍,0.5663,正面,1,2024-12-03
589,douyin,有点感谢政府对老年人的关怀和照顾💪,0.6455,正面,1,2024-10-28
590,douyin,听说日本老龄化更严重，可以学习经验👍,0.3461,中性,1,2024-11-14
591,douyin,感谢政府对老年人的关怀和照顾👍,0.6881,正面,1,2024-02-16
592,douyin,感谢政府对老年人的关怀和照顾,0.87,正面,7,2024-04-15
593,douyin,老年公交卡真方便，出行无忧,0.6215,正面,2,2024-02-06
594,douyin,尊老爱幼是传统美德，大家都要学习👍,0.7485,正面,3,2024-11-01
595,douyin,特别社区食堂对老年人优惠，真的很贴心…,0.7666,正面,22,2024-08-24
596,douyin,社区养老服务越来越好了，点赞👍,0.5588,正面,4,2024-11-11
597,douyin,感觉社区食堂对老年人优惠，真的很贴心🤔,0.8084,正面,8,2024-12-17
598,douyin,养老金年年涨，生活有保障,0.6028,正面,1,2024-05-08
599,douyin,特别退休后参加老年大学，感觉生活充实多了！,0.8579,正面,2,2024-08-06
600,douyin,建议延迟退休政策对老年人有什么影响💪,0.3047,中性,1,2024-11-26
601,douyin,实在社区养老服务越来越好了，点赞😔,0.5665,正面,1,2024-05-12
602,douyin,特别老年人也要与时俱进，学会用智能手机,0.5639,正面,2,2024-06-15
603,douyin,社区养老服务越来越好了，点赞😔,0.9182,正面,2,2024-03-15
604,douyin,老年人也要与时俱进，学会用智能手机🤔,0.7685,正面,1,2024-12-10
605,douyin,很多公园没有无障碍通道，轮椅过不去,0.1963,负面,1,2024-10-24
606,douyin,社区养老服务越来越好了，点赞,0.8427,正面,4,2024-11-18
607,douyin,特别老年人经验丰富，是年轻人的好老师,0.797,正面,2,2024-06-02
608,douyin,听说日本老龄化更严重，可以学习经验,0.4844,中性,3,2024-01-03
609,douyin,有点重庆的老龄化程度在全国处于什么水平。,0.5428,中性,5,2024-10-20
610,douyin,农村老人看病太难了，要走几十里路…,0.0855,负面,8,2024-06-13
611,douyin,感谢政府对老年人的关怀和照顾👍,0.6905,正面,1,2024-02-07
612,douyin,建议每个家庭都会面临养老问题…,0.4911,中性,13,2024-12-14
613,douyin,有点医院对老年人没有专门的照顾窗口👍,0.0264,负面,7,2024-06-03
614,douyin,实在老年人经验丰富，是年轻人的好老师👍,0.8055,正面,1,2024-08-23
615,douyin,陪着父母去旅游，他们开心极了,0.7027,正面,19,2024-05-27
616,douyin,真的老年人也要与时俱进，学会用智能手机,0.7354,正面,26,2024-05-10
617,douyin,社区食堂对老年人优惠，真的很贴心😔,0.9071,正面,1,2024-12-21
618,douyin,老年舞蹈队跳得真好看，充满活力,0.6609,正面,2,2024-10-24
619,douyin,希望养老基金还够不够用啊😔,0.3808,中性,13,2024-12-27
620,douyin,老年人也要与时俱进，学会用智能手机,0.7801,正面,10,2024-10-02
621,douyin,真的老年公交卡真方便，出行无忧！,0.8273,正面,2,2024-06-14
622,douyin,退休后参加老年大学，感觉生活充实多了👍,0.7618,正面,2,2024-04-25
623,douyin,养老基金还够不够用啊。,0.4758,中性,3,2024-11-26
624,douyin,感觉老年人也要与时俱进，学会用智能手机。,0.8253,正面,4,2024-03-01
625,douyin,感谢政府对老年人的关怀和照顾,0.8615,正面,7,2024-02-07
626,douyin,陪着父母去旅游，他们开心极了🙏,0.6254,正面,3,2024-12-27
627,douyin,老年公交卡真方便，出行无忧,0.5806,正面,4,2024-08-12
628,douyin,不知道未来养老政策会怎么调整🙏,0.4951,中性,10,2024-09-25
629,douyin,退休后参加老年大学，感觉生活充实多了,0.5615,正面,1,2024-03-28
630,douyin,确实延迟退休政策对老年人有什么影响…,0.2876,中性,2,2024-12-25
631,douyin,老年舞蹈队跳得真好看，充满活力,0.7437,正面,9,2024-02-02
632,douyin,希望老年公交卡真方便，出行无忧,0.6512,正面,21,2024-02-26
633,douyin,希望去大医院排队排到心塞，老年人体力吃不消。,0.1216,负面,5,2024-01-03
634,douyin,实在老年人在家摔倒没人知道怎么办👍,0.1903,负面,5,2024-12-20
635,douyin,社区养老服务越来越好了，点赞,0.5896,正面,1,2024-09-07
636,douyin,养老院条件太差了，费用还死贵💪,0.1813,负面,4,2024-02-07
637,douyin,养老金年年涨，生活有保障,0.6241,正面,5,2024-03-27
638,douyin,确实养老金根本不够用，物价涨得太快。,0.0507,负面,2,2024-02-15
639,douyin,小区新安装了老年健身器材，方便多了👍,0.8549,正面,2,2024-12-02
640,douyin,社区养老服务越来越好了，点赞💪,0.7039,正面,3,2024-05-22
641,douyin,老年人经验丰富，是年轻人的好老师,0.6662,正面,1,2024-02-27
642,douyin,农村老人看病太难了，要走几十里路😔,0.0441,负面,3,2024-11-04
643,douyin,太社区食堂对老年人优惠，真的很贴心…,0.8206,正面,2,2024-12-19
644,douyin,不知道未来养老政策会怎么调整。,0.2694,中性,3,2024-04-20
645,douyin,陪着父母去旅游，他们开心极了💪,0.7199,正面,1,2024-10-19
646,douyin,每个家庭都会面临养老问题…,0.3568,中性,21,2024-08-17
647,douyin,有点小区新安装了老年健身器材，方便多了,0.5932,正面,6,2024-11-05
648,douyin,老年人是社会的财富，应该多关心他们,0.8821,正面,8,2024-03-13
649,douyin,养老金年年涨，生活有保障🤔,0.7993,正面,12,2024-09-25
650,douyin,听说日本老龄化更严重，可以学习经验👍,0.3381,中性,5,2024-05-18
651,douyin,骗子专门盯着老年人骗，防不胜防,0.1139,负面,1,2024-07-04
652,douyin,陪着父母去旅游，他们开心极了,0.7005,正面,5,2024-03-18
653,douyin,建议养老院条件太差了，费用还死贵…,0.1034,负面,6,2024-08-25
654,douyin,小区新安装了老年健身器材，方便多了🙏,0.814,正面,10,2024-08-16
655,douyin,老年人经验丰富，是年轻人的好老师…,0.6554,正面,4,2024-10-22
656,douyin,真的延迟退休政策对老年人有什么影响,0.3461,中性,1,2024-06-12
657,douyin,养老模式到底是居家好还是去养老院好。,0.3642,中性,2,2024-07-12
658,douyin,确实听说日本老龄化更严重，可以学习经验💪,0.3204,中性,3,2024-02-28
659,douyin,有点尊老爱幼是传统美德，大家都要学习🤔,0.5579,正面,7,2024-07-19
660,douyin,特别老年人也要与时俱进，学会用智能手机…,0.7379,正面,6,2024-10-13
661,douyin,老年舞蹈队跳得真好看，充满活力,0.7453,正面,3,2024-06-16
662,douyin,退休后参加老年大学，感觉生活充实多了😔,0.6953,正面,77,2024-11-28
663,douyin,非常骗子专门盯着老年人骗，防不胜防🙏,0.0507,负面,6,2024-07-26
664,douyin,重庆的老龄化程度在全国处于什么水平🙏,0.4653,中性,2,2024-06-09
665,douyin,确实老年志愿者真了不起，值得尊敬🤔,0.7401,正面,1,2024-05-17
666,douyin,老年志愿者真了不起，值得尊敬！,0.6753,正面,1,2024-10-17
667,douyin,建议老年产业应该是个新风口👍,0.3042,中性,2,2024-03-19
668,douyin,陪着父母去旅游，他们开心极了🤔,0.8469,正面,1,2024-09-26
669,douyin,老年痴呆走失了警察也找不到。,0.1291,负面,2,2024-08-05
670,douyin,社区食堂对老年人优惠，真的很贴心…,0.8562,正面,2,2024-06-28
671,douyin,实在每个家庭都会面临养老问题！,0.3301,中性,1,2024-11-20
672,douyin,非常社区养老服务越来越好了，点赞😔,0.61,正面,22,2024-08-18
673,douyin,实在老年公交卡真方便，出行无忧,0.5648,正面,1,2024-05-26
674,douyin,建议不知道未来养老政策会怎么调整😔,0.4433,中性,5,2024-01-02
675,douyin,退休后参加老年大学，感觉生活充实多了…,0.8969,正面,4,2024-06-22
676,douyin,确实陪着父母去旅游，他们开心极了🙏,0.8397,正面,66,2024-12-17
677,douyin,陪着父母去旅游，他们开心极了👍,0.7822,正面,1,2024-05-16
678,douyin,感觉社区养老服务越来越好了，点赞💪,0.8593,正面,3,2024-07-26
679,douyin,非常去大医院排队排到心塞，老年人体力吃不消😔,0.0374,负面,48,2024-07-09
680,douyin,有些感谢政府对老年人的关怀和照顾…,0.8298,正面,18,2024-08-22
681,douyin,有点直播带货卖假货给老人，没人管管吗💪,0.159,负面,14,2024-06-27
682,douyin,老年公交卡真方便，出行无忧🤔,0.7923,正面,2,2024-01-23
683,douyin,老年人经验丰富，是年轻人的好老师。,0.6737,正面,1,2024-11-04
684,douyin,养老金根本不够用，物价涨得太快！,0.0115,负面,8,2024-05-03
685,douyin,陪着父母去旅游，他们开心极了🤔,0.9061,正面,28,2024-06-26
686,douyin,延迟退休政策对老年人有什么影响😔,0.5099,中性,6,2024-08-24
687,douyin,农村老人看病太难了，要走几十里路,0.1463,负面,6,2024-03-23
688,douyin,感谢政府对老年人的关怀和照顾👍,0.7183,正面,2,2024-12-11
689,douyin,有点老龄化是社会发展的必然趋势🤔,0.4424,中性,11,2024-03-01
690,douyin,实在退休后参加老年大学，感觉生活充实多了,0.6755,正面,2,2024-09-23
691,douyin,子女都在外地打工，老人独居太可怜😔,0.088,负面,3,2024-08-28
692,douyin,非常社区食堂对老年人优惠，真的很贴心,0.7872,正面,4,2024-02-14
693,douyin,老年公交卡真方便，出行无忧🙏,0.7009,正面,5,2024-04-01
694,douyin,确实子女都在外地打工，老人独居太可怜😔,0.1263,负面,2,2024-04-09
695,douyin,确实养老金年年涨，生活有保障。,0.7216,正面,1,2024-03-19
696,douyin,老年志愿者真了不起，值得尊敬😔,0.7241,正面,7,2024-11-16
697,douyin,老年生活也可以很精彩，活到老学到老！,0.6262,正面,2,2024-05-24
698,douyin,老年人经验丰富，是年轻人的好老师！,0.8925,正面,6,2024-12-22
699,douyin,非常老年人经验丰富，是年轻人的好老师,0.867,正面,1,2024-10-15
700,douyin,有点社区食堂对老年人优惠，真的很贴心,0.8089,正面,4,2024-06-23
701,douyin,每个家庭都会面临养老问题！,0.4625,中性,5,2024-02-04
702,douyin,老年公交卡真方便，出行无忧🙏,0.6439,正面,1,2024-11-26
703,douyin,太老年志愿者真了不起，值得尊敬🤔,0.7979,正面,3,2024-06-05
704,douyin,延迟退休政策对老年人有什么影响。,0.301,中性,1,2024-08-05
705,douyin,特别老年志愿者真了不起，值得尊敬,0.7232,正面,1,2024-03-16
706,douyin,每个家庭都会面临养老问题🙏,0.3349,中性,90,2024-05-17
707,douyin,尊老爱幼是传统美德，大家都要学习,0.6762,正面,3,2024-09-28
708,douyin,有点尊老爱幼是传统美德，大家都要学习！,0.5718,正面,13,2024-03-23
709,douyin,特别老年公交卡真方便，出行无忧💪,0.9209,正面,2,2024-09-16
710,douyin,特别陪着父母去旅游，他们开心极了,0.8379,正面,8,2024-04-28
711,douyin,尊老爱幼是传统美德，大家都要学习🙏,0.85,正面,11,2024-11-19
712,douyin,老龄化是社会发展的必然趋势…,0.4078,中性,6,2024-02-08
713,douyin,养老模式到底是居家好还是去养老院好🤔,0.2578,中性,4,2024-02-13
714,douyin,确实重庆的老龄化程度在全国处于什么水平😔,0.5011,中性,4,2024-12-22
715,douyin,真的退休后参加老年大学，感觉生活充实多了🤔,0.7877,正面,3,2024-10-15
716,douyin,老年痴呆走失了警察也找不到,0.1823,负面,28,2024-04-28
717,douyin,确实老年人在家摔倒没人知道怎么办👍,0.0714,负面,15,2024-10-13
718,douyin,尊老爱幼是传统美德，大家都要学习…,0.646,正面,44,2024-02-01
719,douyin,老年舞蹈队跳得真好看，充满活力🤔,0.711,正面,1,2024-03-04
720,douyin,老年人经验丰富，是年轻人的好老师🤔,0.8444,正面,10,2024-10-05
721,douyin,养老模式到底是居家好还是去养老院好…,0.4038,中性,31,2024-08-09
722,douyin,老年人经验丰富，是年轻人的好老师…,0.8744,正面,2,2024-11-14
723,douyin,感谢政府对老年人的关怀和照顾🤔,0.9393,正面,1,2024-11-23
724,douyin,骗子专门盯着老年人骗，防不胜防！,0.1296,负面,10,2024-08-14
725,douyin,社区没有老年活动场所，天天在家发呆🤔,0.0671,负面,6,2024-05-27
726,douyin,退休后参加老年大学，感觉生活充实多了,0.7774,正面,16,2024-09-04
727,douyin,小区新安装了老年健身器材，方便多了！,0.8143,正面,1,2024-06-09
728,douyin,老龄化是社会发展的必然趋势,0.2842,中性,13,2024-03-27
729,douyin,感觉老年人经验丰富，是年轻人的好老师💪,0.9007,正面,2,2024-08-25
730,douyin,延迟退休政策对老年人有什么影响,0.3524,中性,1,2024-04-06
731,douyin,养老基金还够不够用啊…,0.3278,中性,1,2024-09-01
732,douyin,老年人是社会的财富，应该多关心他们💪,0.6187,正面,14,2024-07-28
733,douyin,希望陪着父母去旅游，他们开心极了💪,0.9396,正面,8,2024-11-13
734,douyin,真的尊老爱幼是传统美德，大家都要学习💪,0.5556,正面,5,2024-04-28
735,douyin,希望社区食堂对老年人优惠，真的很贴心👍,0.6081,正面,3,2024-04-03
736,douyin,实在不知道未来养老政策会怎么调整,0.3922,中性,19,2024-12-23
737,douyin,社区没有老年活动场所，天天在家发呆,0.0137,负面,3,2024-04-10
738,douyin,老年人是社会的财富，应该多关心他们…,0.5911,正面,14,2024-07-28
739,douyin,养老基金还够不够用啊,0.4693,中性,4,2024-08-13
740,douyin,老年人也要与时俱进，学会用智能手机😔,0.7946,正面,3,2024-04-23
741,douyin,老年人经验丰富，是年轻人的好老师！,0.7806,正面,4,2024-11-14
742,douyin,建议养老金年年涨，生活有保障…,0.9256,正面,2,2024-01-06
743,douyin,简直人口结构变化会影响经济发展🙏,0.3532,中性,10,2024-11-11
744,douyin,太退休后参加老年大学，感觉生活充实多了🤔,0.8392,正面,5,2024-11-24
745,douyin,建议不知道未来养老政策会怎么调整,0.4366,中性,2,2024-11-16
746,douyin,太尊老爱幼是传统美德，大家都要学习😔,0.7923,正面,22,2024-05-08
747,douyin,希望老年人是社会的财富，应该多关心他们,0.6935,正面,3,2024-03-27
748,douyin,农村老人看病太难了，要走几十里路,0.0918,负面,5,2024-09-08
749,douyin,感谢政府对老年人的关怀和照顾👍,0.864,正面,23,2024-05-05
750,douyin,人口结构变化会影响经济发展,0.4897,中性,7,2024-02-26
751,douyin,确实叫120等了40分钟才到，急救反应太慢了,0.1064,负面,1,2024-06-06
752,douyin,老年产业应该是个新风口,0.3995,中性,31,2024-11-12
753,douyin,直播坑老人买保健品，太可恶了…,0.1712,负面,7,2024-01-08
754,douyin,建议老年志愿者真了不起，值得尊敬…,0.6185,正面,3,2024-06-21
755,douyin,老年舞蹈队跳得真好看，充满活力,0.7619,正面,1,2024-07-14
756,douyin,买药太贵了，慢性病吃药一年花好几万,0.1081,负面,13,2024-08-05
757,douyin,特别老年产业应该是个新风口…,0.5331,中性,7,2024-03-14
758,douyin,老年人是社会的财富，应该多关心他们🙏,0.8141,正面,5,2024-01-21
759,douyin,老年公交卡真方便，出行无忧！,0.8223,正面,21,2024-12-24
760,douyin,叫120等了40分钟才到，急救反应太慢了🙏,0.1671,负面,12,2024-03-23
761,douyin,老年生活也可以很精彩，活到老学到老🙏,0.905,正面,1,2024-11-15
762,douyin,很多公园没有无障碍通道，轮椅过不去！,0.1333,负面,3,2024-02-02
763,douyin,有些老年人也要与时俱进，学会用智能手机！,0.846,正面,2,2024-04-03
764,douyin,有些老年舞蹈队跳得真好看，充满活力🙏,0.8043,正面,10,2024-05-08
765,douyin,特别老年产业应该是个新风口！,0.2831,中性,1,2024-11-17
766,douyin,非常老年舞蹈队跳得真好看，充满活力🙏,0.8104,正面,6,2024-12-01
767,douyin,老年生活也可以很精彩，活到老学到老🙏,0.8722,正面,11,2024-12-21
768,douyin,退休后参加老年大学，感觉生活充实多了🙏,0.8168,正面,19,2024-11-05
769,douyin,老年生活也可以很精彩，活到老学到老,0.5921,正面,3,2024-06-15
770,douyin,真的老年人经验丰富，是年轻人的好老师…,0.8814,正面,14,2024-03-16
771,douyin,感谢政府对老年人的关怀和照顾👍,0.8207,正面,1,2024-09-25
772,douyin,医院对老年人没有专门的照顾窗口😔,0.1048,负面,16,2024-12-16
773,douyin,养老院条件太差了，费用还死贵😔,0.1061,负面,1,2024-03-23
774,douyin,人口结构变化会影响经济发展👍,0.392,中性,3,2024-06-04
775,douyin,实在感谢政府对老年人的关怀和照顾,0.7787,正面,13,2024-06-10
776,douyin,感觉小区新安装了老年健身器材，方便多了…,0.5612,正面,1,2024-01-10
777,douyin,有些陪着父母去旅游，他们开心极了。,0.8459,正面,2,2024-02-28
778,douyin,养老金年年涨，生活有保障。,0.6739,正面,9,2024-07-16
779,douyin,老年产业应该是个新风口🤔,0.4409,中性,9,2024-08-05
780,douyin,养老金年年涨，生活有保障,0.8158,正面,7,2024-07-11
781,douyin,确实直播带货卖假货给老人，没人管管吗,0.0942,负面,9,2024-12-01
782,douyin,感觉社区养老服务越来越好了，点赞👍,0.8076,正面,5,2024-10-25
783,douyin,骗子专门盯着老年人骗，防不胜防,0.046,负面,2,2024-02-22
784,douyin,建议老年人在家摔倒没人知道怎么办🙏,0.1595,负面,3,2024-08-03
785,douyin,老年人是社会的财富，应该多关心他们。,0.7466,正面,2,2024-07-06
786,douyin,确实老年志愿者真了不起，值得尊敬,0.677,正面,24,2024-09-06
787,douyin,太退休后参加老年大学，感觉生活充实多了🤔,0.8573,正面,6,2024-03-02
788,douyin,特别老年人也要与时俱进，学会用智能手机,0.5734,正面,3,2024-07-11
789,douyin,简直陪着父母去旅游，他们开心极了🙏,0.9098,正面,4,2024-10-08
790,douyin,真的老年志愿者真了不起，值得尊敬。,0.704,正面,34,2024-08-18
791,douyin,真的老年人是社会的财富，应该多关心他们！,0.713,正面,1,2024-09-19
792,douyin,感觉老年志愿者真了不起，值得尊敬…,0.8106,正面,6,2024-08-03
793,douyin,不知道未来养老政策会怎么调整,0.362,中性,5,2024-09-14
794,douyin,陪着父母去旅游，他们开心极了！,0.7359,正面,7,2024-11-06
795,douyin,老年公交卡真方便，出行无忧🤔,0.7429,正面,1,2024-07-12
796,douyin,有些老年产业应该是个新风口🙏,0.3344,中性,18,2024-02-10
797,douyin,社区养老服务越来越好了，点赞！,0.8822,正面,29,2024-07-07
798,douyin,农村老人看病太难了，要走几十里路💪,0.1307,负面,6,2024-08-09
799,douyin,养老模式到底是居家好还是去养老院好🙏,0.3525,中性,9,2024-06-01
800,douyin,真的老龄化是社会发展的必然趋势🤔,0.4326,中性,26,2024-03-14
801,douyin,老年产业应该是个新风口🤔,0.2743,中性,9,2024-02-18
802,douyin,买药太贵了，慢性病吃药一年花好几万。,0.1376,负面,1,2024-07-27
803,douyin,陪着父母去旅游，他们开心极了,0.8572,正面,6,2024-02-15
804,douyin,社区没有老年活动场所，天天在家发呆！,0.0118,负面,6,2024-11-23
805,douyin,建议陪着父母去旅游，他们开心极了,0.7954,正面,4,2024-04-16
806,douyin,小区新安装了老年健身器材，方便多了,0.9118,正面,10,2024-01-07
807,douyin,退休后参加老年大学，感觉生活充实多了👍,0.7776,正面,30,2024-04-22
808,douyin,感觉尊老爱幼是传统美德，大家都要学习,0.8484,正面,27,2024-09-24
809,douyin,社区食堂对老年人优惠，真的很贴心🤔,0.5592,正面,4,2024-09-20
810,douyin,人口结构变化会影响经济发展🤔,0.2506,中性,1,2024-11-02
811,douyin,老年人经验丰富，是年轻人的好老师😔,0.6596,正面,72,2024-08-12
812,douyin,去大医院排队排到心塞，老年人体力吃不消👍,0.0189,负面,15,2024-08-11
813,douyin,感谢政府对老年人的关怀和照顾,0.5827,正面,1,2024-12-08
814,douyin,非常直播带货卖假货给老人，没人管管吗,0.0575,负面,26,2024-11-21
815,douyin,老年人经验丰富，是年轻人的好老师🤔,0.8732,正面,18,2024-06-27
816,douyin,真的小区新安装了老年健身器材，方便多了。,0.6453,正面,5,2024-09-26
817,douyin,很多公园没有无障碍通道，轮椅过不去,0.124,负面,6,2024-11-15
818,douyin,建议老年人是社会的财富，应该多关心他们,0.9167,正面,3,2024-03-02
819,douyin,希望养老金年年涨，生活有保障,0.8005,正面,1,2024-09-02
820,douyin,养老金根本不够用，物价涨得太快,0.0282,负面,3,2024-10-26
821,douyin,小区新安装了老年健身器材，方便多了🙏,0.8681,正面,13,2024-02-11
822,douyin,真的感谢政府对老年人的关怀和照顾🙏,0.7851,正面,1,2024-12-03
823,douyin,太养老院条件太差了，费用还死贵😔,0.1311,负面,3,2024-12-20
824,douyin,非常尊老爱幼是传统美德，大家都要学习🙏,0.8688,正面,3,2024-07-17
825,douyin,有点老年公交卡真方便，出行无忧！,0.7665,正面,5,2024-10-11
826,douyin,老年人是社会的财富，应该多关心他们,0.7571,正面,26,2024-01-08
827,douyin,老年生活也可以很精彩，活到老学到老,0.9406,正面,3,2024-02-11
828,douyin,感觉人口结构变化会影响经济发展🙏,0.4299,中性,3,2024-06-20
829,douyin,尊老爱幼是传统美德，大家都要学习,0.5919,正面,10,2024-08-08
830,douyin,有点听说日本老龄化更严重，可以学习经验💪,0.39,中性,4,2024-06-26
831,douyin,真的尊老爱幼是传统美德，大家都要学习,0.8804,正面,2,2024-06-01
832,douyin,小区新安装了老年健身器材，方便多了。,0.6278,正面,4,2024-01-01
833,douyin,实在尊老爱幼是传统美德，大家都要学习。,0.6376,正面,1,2024-09-08
834,douyin,尊老爱幼是传统美德，大家都要学习,0.8872,正面,2,2024-11-05
835,douyin,有点重庆的老龄化程度在全国处于什么水平,0.3515,中性,5,2024-06-26
836,douyin,老年产业应该是个新风口…,0.5431,中性,4,2024-12-03
837,douyin,有些老年公交卡真方便，出行无忧…,0.6023,正面,25,2024-12-12
838,douyin,听说日本老龄化更严重，可以学习经验🙏,0.5263,中性,3,2024-04-28
839,douyin,养老模式到底是居家好还是去养老院好！,0.3242,中性,6,2024-03-28
840,douyin,社区养老服务越来越好了，点赞🙏,0.8639,正面,7,2024-02-06
841,douyin,老年产业应该是个新风口,0.3623,中性,1,2024-06-23
842,douyin,小区新安装了老年健身器材，方便多了！,0.8363,正面,8,2024-10-13
843,douyin,老年公交卡真方便，出行无忧…,0.6312,正面,2,2024-04-10
844,douyin,医院对老年人没有专门的照顾窗口！,0.0399,负面,41,2024-09-03
845,douyin,感觉延迟退休政策对老年人有什么影响,0.3834,中性,1,2024-08-17
846,douyin,有点小区新安装了老年健身器材，方便多了。,0.723,正面,4,2024-05-13
847,douyin,确实老年生活也可以很精彩，活到老学到老！,0.6562,正面,1,2024-09-17
848,douyin,真的听说日本老龄化更严重，可以学习经验👍,0.2795,中性,169,2024-04-11
849,douyin,延迟退休政策对老年人有什么影响🤔,0.3408,中性,5,2024-05-07
850,douyin,很多公园没有无障碍通道，轮椅过不去！,0.1461,负面,6,2024-01-25
851,douyin,感谢政府对老年人的关怀和照顾…,0.8633,正面,1,2024-10-25
852,douyin,老年志愿者真了不起，值得尊敬…,0.9457,正面,10,2024-04-08
853,douyin,老年志愿者真了不起，值得尊敬😔,0.7848,正面,2,2024-12-27
854,douyin,建议社区养老服务越来越好了，点赞…,0.6752,正面,22,2024-04-15
855,douyin,叫120等了40分钟才到，急救反应太慢了,0.0812,负面,2,2024-05-24
856,douyin,太社区食堂对老年人优惠，真的很贴心…,0.8837,正面,2,2024-11-25
857,douyin,老年产业应该是个新风口🙏,0.3399,中性,1,2024-01-05
858,douyin,农村老人看病太难了，要走几十里路🙏,0.118,负面,4,2024-10-28
859,douyin,太去大医院排队排到心塞，老年人体力吃不消,0.1903,负面,6,2024-08-04
860,douyin,实在小区新安装了老年健身器材，方便多了,0.8056,正面,1,2024-11-18
861,douyin,简直老年人也要与时俱进，学会用智能手机,0.7913,正面,12,2024-07-10
862,douyin,社区食堂对老年人优惠，真的很贴心。,0.7598,正面,4,2024-09-01
863,douyin,确实老年公交卡真方便，出行无忧,0.7143,正面,5,2024-09-14
864,douyin,每个家庭都会面临养老问题,0.5365,中性,4,2024-04-10
865,douyin,子女都在外地打工，老人独居太可怜！,0.1002,负面,3,2024-10-07
866,douyin,老年人是社会的财富，应该多关心他们…,0.9464,正面,6,2024-10-26
867,douyin,老年公交卡真方便，出行无忧😔,0.7777,正面,1,2024-10-02
868,douyin,建议老年公交卡真方便，出行无忧！,0.9176,正面,2,2024-07-20
869,douyin,尊老爱幼是传统美德，大家都要学习😔,0.91,正面,17,2024-07-22
870,douyin,重庆的老龄化程度在全国处于什么水平,0.3681,中性,34,2024-03-09
871,douyin,重庆的老龄化程度在全国处于什么水平,0.4594,中性,3,2024-08-14
872,douyin,直播坑老人买保健品，太可恶了。,0.1535,负面,2,2024-07-15
873,douyin,希望老年志愿者真了不起，值得尊敬💪,0.5679,正面,7,2024-11-24
874,douyin,真的老年人也要与时俱进，学会用智能手机,0.7097,正面,4,2024-05-04
875,douyin,老年人也要与时俱进，学会用智能手机,0.7357,正面,1,2024-09-22
876,douyin,人口结构变化会影响经济发展,0.2921,中性,1,2024-03-27
877,douyin,不知道未来养老政策会怎么调整…,0.3382,中性,9,2024-03-03
878,douyin,建议不知道未来养老政策会怎么调整,0.3822,中性,8,2024-11-18
879,douyin,老年人是社会的财富，应该多关心他们🤔,0.8846,正面,1,2024-11-23
880,douyin,退休后参加老年大学，感觉生活充实多了,0.7276,正面,2,2024-07-25
881,douyin,真的农村老人看病太难了，要走几十里路…,0.1827,负面,2,2024-01-01
882,douyin,确实子女都在外地打工，老人独居太可怜🤔,0.1371,负面,8,2024-03-24
883,douyin,有些老年志愿者真了不起，值得尊敬🤔,0.5931,正面,1,2024-04-20
884,douyin,简直养老金根本不够用，物价涨得太快,0.1884,负面,1,2024-06-11
885,douyin,有点社区食堂对老年人优惠，真的很贴心,0.6765,正面,13,2024-02-22
886,douyin,养老模式到底是居家好还是去养老院好…,0.2632,中性,2,2024-05-25
887,douyin,直播坑老人买保健品，太可恶了🙏,0.1454,负面,7,2024-03-09
888,douyin,每个家庭都会面临养老问题💪,0.4534,中性,2,2024-03-11
889,douyin,养老模式到底是居家好还是去养老院好,0.5434,中性,1,2024-06-01
890,douyin,社区食堂对老年人优惠，真的很贴心💪,0.8467,正面,2,2024-01-08
891,douyin,重庆的老龄化程度在全国处于什么水平,0.3427,中性,9,2024-10-03
892,douyin,简直小区新安装了老年健身器材，方便多了🤔,0.6686,正面,17,2024-01-08
893,douyin,真的养老模式到底是居家好还是去养老院好👍,0.2903,中性,15,2024-07-21
894,douyin,简直听说日本老龄化更严重，可以学习经验,0.5041,中性,3,2024-09-02
895,douyin,老年痴呆走失了警察也找不到…,0.1467,负面,8,2024-09-11
896,douyin,老年人是社会的财富，应该多关心他们,0.5758,正面,2,2024-01-21
897,douyin,养老院条件太差了，费用还死贵,0.0274,负面,2,2024-04-17
898,douyin,小区新安装了老年健身器材，方便多了,0.6746,正面,22,2024-07-06
899,douyin,养老金年年涨，生活有保障！,0.7293,正面,1,2024-08-03
900,douyin,尊老爱幼是传统美德，大家都要学习🙏,0.7383,正面,1,2024-12-14
901,douyin,很多公园没有无障碍通道，轮椅过不去…,0.1016,负面,2,2024-02-25
902,douyin,太不知道未来养老政策会怎么调整😔,0.4159,中性,1,2024-05-15
903,douyin,建议养老金年年涨，生活有保障😔,0.7423,正面,2,2024-04-05
904,douyin,陪着父母去旅游，他们开心极了😔,0.7503,正面,6,2024-07-14
905,douyin,感觉农村老人看病太难了，要走几十里路,0.083,负面,4,2024-07-02
906,douyin,养老金年年涨，生活有保障！,0.6149,正面,21,2024-12-12
907,douyin,养老模式到底是居家好还是去养老院好…,0.4589,中性,14,2024-12-08
908,douyin,老年公交卡真方便，出行无忧🤔,0.8753,正面,3,2024-01-23
909,douyin,简直小区新安装了老年健身器材，方便多了🙏,0.9277,正面,2,2024-10-22
910,douyin,老年舞蹈队跳得真好看，充满活力…,0.5869,正面,3,2024-07-23
911,douyin,太老年生活也可以很精彩，活到老学到老！,0.9004,正面,6,2024-12-10
912,douyin,每个家庭都会面临养老问题,0.4757,中性,2,2024-02-21
913,douyin,老年人在家摔倒没人知道怎么办…,0.1523,负面,7,2024-12-10
914,douyin,建议买药太贵了，慢性病吃药一年花好几万…,0.1034,负面,4,2024-09-14
915,douyin,实在不知道未来养老政策会怎么调整,0.3029,中性,5,2024-08-06
916,douyin,建议陪着父母去旅游，他们开心极了,0.635,正面,4,2024-04-09
917,douyin,老年公交卡真方便，出行无忧,0.7998,正面,2,2024-02-10
918,douyin,简直退休后参加老年大学，感觉生活充实多了😔,0.5757,正面,35,2024-08-22
919,douyin,感觉退休后参加老年大学，感觉生活充实多了,0.8507,正面,11,2024-02-07
920,douyin,老年志愿者真了不起，值得尊敬😔,0.9448,正面,1,2024-08-25
921,douyin,养老模式到底是居家好还是去养老院好。,0.3612,中性,18,2024-04-12
922,douyin,老年人是社会的财富，应该多关心他们,0.9401,正面,4,2024-01-15
923,douyin,有些不知道未来养老政策会怎么调整！,0.2577,中性,21,2024-12-25
924,douyin,养老金年年涨，生活有保障👍,0.8245,正面,13,2024-07-22
925,douyin,社区食堂对老年人优惠，真的很贴心,0.933,正面,4,2024-11-12
926,douyin,老年痴呆走失了警察也找不到🙏,0.0718,负面,1,2024-08-13
927,douyin,老年公交卡真方便，出行无忧🤔,0.9266,正面,2,2024-12-04
928,douyin,老年生活也可以很精彩，活到老学到老🙏,0.8348,正面,5,2024-12-17
929,douyin,老年舞蹈队跳得真好看，充满活力👍,0.5848,正面,7,2024-08-06
930,douyin,简直社区没有老年活动场所，天天在家发呆,0.1359,负面,2,2024-11-23
931,douyin,老年人也要与时俱进，学会用智能手机。,0.5617,正面,1,2024-07-25
932,douyin,退休后参加老年大学，感觉生活充实多了🤔,0.8164,正面,15,2024-02-22
933,douyin,建议子女都在外地打工，老人独居太可怜。,0.1478,负面,71,2024-04-19
934,douyin,每个家庭都会面临养老问题💪,0.5231,中性,5,2024-07-21
935,douyin,确实去大医院排队排到心塞，老年人体力吃不消,0.0592,负面,1,2024-06-24
936,douyin,特别重庆的老龄化程度在全国处于什么水平…,0.4219,中性,2,2024-10-24
937,douyin,养老金年年涨，生活有保障…,0.7642,正面,1,2024-06-25
938,douyin,不知道未来养老政策会怎么调整,0.4059,中性,25,2024-02-13
939,douyin,小区新安装了老年健身器材，方便多了！,0.6764,正面,1,2024-04-16
940,douyin,退休后参加老年大学，感觉生活充实多了💪,0.6083,正面,6,2024-01-20
941,douyin,老年人也要与时俱进，学会用智能手机💪,0.5994,正面,2,2024-10-16
942,douyin,特别老年人也要与时俱进，学会用智能手机,0.9366,正面,5,2024-12-07
943,douyin,老龄化是社会发展的必然趋势😔,0.5269,中性,7,2024-12-13
944,douyin,真的子女都在外地打工，老人独居太可怜👍,0.1834,负面,15,2024-07-11
945,douyin,有些养老模式到底是居家好还是去养老院好💪,0.4773,中性,2,2024-05-10
946,douyin,感觉老年产业应该是个新风口,0.3681,中性,1,2024-12-10
947,douyin,养老基金还够不够用啊！,0.2913,中性,1,2024-03-07
948,douyin,建议去大医院排队排到心塞，老年人体力吃不消🙏,0.1497,负面,22,2024-02-22
949,douyin,真的老年人经验丰富，是年轻人的好老师,0.8218,正面,19,2024-06-16
950,douyin,直播坑老人买保健品，太可恶了🙏,0.1963,负面,6,2024-07-05
951,douyin,社区养老服务越来越好了，点赞💪,0.6463,正面,6,2024-10-06
952,douyin,重庆的老龄化程度在全国处于什么水平🤔,0.4833,中性,8,2024-07-09
953,douyin,希望社区养老服务越来越好了，点赞🤔,0.5967,正面,2,2024-09-08
954,douyin,养老基金还够不够用啊,0.3938,中性,25,2024-10-06
955,douyin,实在社区食堂对老年人优惠，真的很贴心,0.8311,正面,4,2024-06-03
956,douyin,老年人也要与时俱进，学会用智能手机👍,0.5579,正面,3,2024-09-16
957,douyin,养老金年年涨，生活有保障🤔,0.7656,正面,5,2024-02-25
958,douyin,直播带货卖假货给老人，没人管管吗💪,0.0323,负面,1,2024-03-01
959,douyin,直播坑老人买保健品，太可恶了🤔,0.0174,负面,1,2024-03-03
960,douyin,非常叫120等了40分钟才到，急救反应太慢了。,0.0261,负面,10,2024-09-06
961,douyin,有些子女都在外地打工，老人独居太可怜！,0.01,负面,1,2024-11-18
962,douyin,小区新安装了老年健身器材，方便多了。,0.828,正面,6,2024-10-18
963,douyin,非常老龄化是社会发展的必然趋势,0.3211,中性,2,2024-03-20
964,douyin,延迟退休政策对老年人有什么影响,0.2885,中性,3,2024-09-09
965,douyin,老年公交卡真方便，出行无忧！,0.6153,正面,2,2024-11-14
966,douyin,希望社区养老服务越来越好了，点赞💪,0.8018,正面,3,2024-11-07
967,douyin,社区食堂对老年人优惠，真的很贴心…,0.8782,正面,9,2024-03-11
968,douyin,有些养老金年年涨，生活有保障,0.649,正面,2,2024-11-18
969,douyin,社区食堂对老年人优惠，真的很贴心！,0.5856,正面,6,2024-03-28
970,douyin,社区养老服务越来越好了，点赞…,0.7009,正面,4,2024-02-26
971,douyin,老年人也要与时俱进，学会用智能手机😔,0.9002,正面,8,2024-02-17
972,douyin,延迟退休政策对老年人有什么影响,0.4155,中性,30,2024-03-11
973,douyin,老年舞蹈队跳得真好看，充满活力👍,0.8465,正面,10,2024-09-20
974,douyin,尊老爱幼是传统美德，大家都要学习💪,0.6536,正面,2,2024-03-22
975,douyin,建议养老金年年涨，生活有保障🤔,0.8442,正面,1,2024-06-23
976,douyin,特别每个家庭都会面临养老问题😔,0.462,中性,2,2024-09-10
977,douyin,骗子专门盯着老年人骗，防不胜防,0.1889,负面,6,2024-05-21
978,douyin,养老金根本不够用，物价涨得太快🤔,0.1564,负面,1,2024-02-03
979,douyin,非常养老院条件太差了，费用还死贵👍,0.1193,负面,5,2024-08-26
980,douyin,养老金根本不够用，物价涨得太快,0.1386,负面,6,2024-08-16
981,douyin,养老金年年涨，生活有保障,0.6261,正面,3,2024-12-14
982,douyin,老年人也要与时俱进，学会用智能手机👍,0.8145,正面,11,2024-11-20
983,douyin,不知道未来养老政策会怎么调整👍,0.4524,中性,1,2024-04-06
984,douyin,尊老爱幼是传统美德，大家都要学习…,0.7555,正面,1,2024-08-13
985,douyin,社区养老服务越来越好了，点赞👍,0.6852,正面,10,2024-02-10
986,douyin,退休后参加老年大学，感觉生活充实多了🙏,0.6352,正面,5,2024-07-07
987,douyin,子女都在外地打工，老人独居太可怜😔,0.108,负面,8,2024-10-28
988,douyin,特别老年人是社会的财富，应该多关心他们,0.7962,正面,4,2024-01-12
989,douyin,老年人是社会的财富，应该多关心他们,0.5905,正面,2,2024-09-17
990,douyin,希望老年公交卡真方便，出行无忧！,0.745,正面,14,2024-04-16
991,douyin,非常感谢政府对老年人的关怀和照顾,0.7213,正面,13,2024-08-22
992,douyin,建议感谢政府对老年人的关怀和照顾,0.8488,正面,9,2024-02-07
993,douyin,真的老年人经验丰富，是年轻人的好老师,0.7184,正面,2,2024-11-07
994,douyin,老年人在家摔倒没人知道怎么办😔,0.0326,负面,6,2024-11-23
995,douyin,建议老年舞蹈队跳得真好看，充满活力💪,0.8621,正面,3,2024-07-05
996,douyin,有些很多公园没有无障碍通道，轮椅过不去,0.014,负面,1,2024-11-08
997,douyin,养老模式到底是居家好还是去养老院好,0.3789,中性,25,2024-07-16
998,douyin,实在社区养老服务越来越好了，点赞💪,0.8544,正面,1,2024-09-06
999,douyin,社区养老服务越来越好了，点赞,0.8957,正面,35,2024-11-27
1000,douyin,建议老年人也要与时俱进，学会用智能手机👍,0.8631,正面,4,2024-10-06
1001,douyin,确实医院对老年人没有专门的照顾窗口,0.1295,负面,2,2024-07-02
1002,douyin,简直直播带货卖假货给老人，没人管管吗,0.0378,负面,5,2024-01-13
1003,douyin,特别老年人也要与时俱进，学会用智能手机…,0.8033,正面,19,2024-08-02
1004,douyin,特别延迟退休政策对老年人有什么影响💪,0.283,中性,10,2024-07-08
1005,douyin,建议养老院条件太差了，费用还死贵。,0.0178,负面,13,2024-04-10
1006,douyin,有点养老金年年涨，生活有保障。,0.5903,正面,8,2024-06-10
1007,douyin,老年人是社会的财富，应该多关心他们,0.8232,正面,9,2024-06-12
1008,douyin,希望养老基金还够不够用啊！,0.4087,中性,16,2024-04-19
1009,douyin,社区养老服务越来越好了，点赞,0.6022,正面,2,2024-01-19
1010,douyin,有些小区新安装了老年健身器材，方便多了🙏,0.9202,正面,4,2024-06-10
1011,douyin,实在去大医院排队排到心塞，老年人体力吃不消,0.1114,负面,2,2024-07-18
1012,douyin,很多公园没有无障碍通道，轮椅过不去。,0.1722,负面,81,2024-06-15
1013,douyin,直播坑老人买保健品，太可恶了👍,0.1017,负面,33,2024-01-06
1014,douyin,不知道未来养老政策会怎么调整,0.3369,中性,1,2024-12-07
1015,douyin,老年志愿者真了不起，值得尊敬,0.8981,正面,9,2024-08-25
1016,douyin,实在老年人经验丰富，是年轻人的好老师,0.7103,正面,27,2024-03-19
1017,douyin,老龄化是社会发展的必然趋势😔,0.5137,中性,2,2024-09-23
1018,douyin,确实老年生活也可以很精彩，活到老学到老,0.6685,正面,6,2024-04-02
1019,douyin,社区食堂对老年人优惠，真的很贴心,0.6093,正面,25,2024-05-28
1020,douyin,确实听说日本老龄化更严重，可以学习经验,0.5469,中性,1,2024-11-12
1021,douyin,实在老年人也要与时俱进，学会用智能手机…,0.9036,正面,9,2024-10-10
1022,douyin,子女都在外地打工，老人独居太可怜,0.165,负面,2,2024-12-09
1023,douyin,老年人是社会的财富，应该多关心他们🙏,0.765,正面,27,2024-02-24
1024,douyin,老年人在家摔倒没人知道怎么办👍,0.1753,负面,49,2024-04-27
1025,douyin,退休后参加老年大学，感觉生活充实多了…,0.6316,正面,33,2024-03-15
1026,douyin,每个家庭都会面临养老问题,0.3606,中性,4,2024-08-06
1027,douyin,陪着父母去旅游，他们开心极了💪,0.6204,正面,17,2024-03-21
1028,douyin,尊老爱幼是传统美德，大家都要学习🤔,0.9041,正面,16,2024-10-07
1029,douyin,老年人经验丰富，是年轻人的好老师…,0.6481,正面,3,2024-02-24
1030,douyin,真的老龄化是社会发展的必然趋势,0.431,中性,15,2024-01-25
1031,douyin,希望老年舞蹈队跳得真好看，充满活力🙏,0.5834,正面,1,2024-01-26
1032,douyin,直播坑老人买保健品，太可恶了💪,0.1131,负面,6,2024-02-07
1033,douyin,养老金年年涨，生活有保障！,0.907,正面,2,2024-06-16
1034,douyin,老年志愿者真了不起，值得尊敬,0.8268,正面,1,2024-01-27
1035,douyin,退休后参加老年大学，感觉生活充实多了…,0.591,正面,1,2024-03-01
1036,douyin,非常老年人经验丰富，是年轻人的好老师,0.7042,正面,9,2024-11-13
1037,douyin,社区养老服务越来越好了，点赞！,0.6398,正面,3,2024-06-03
1038,douyin,真的老年公交卡真方便，出行无忧🙏,0.9199,正面,10,2024-03-06
1039,douyin,养老金年年涨，生活有保障🤔,0.6225,正面,1,2024-11-10
1040,douyin,社区养老服务越来越好了，点赞。,0.6584,正面,3,2024-05-26
1041,douyin,实在不知道未来养老政策会怎么调整…,0.4833,中性,5,2024-08-24
1042,douyin,直播坑老人买保健品，太可恶了！,0.1198,负面,12,2024-03-03
1043,douyin,有点养老院条件太差了，费用还死贵…,0.1558,负面,3,2024-08-23
1044,douyin,养老模式到底是居家好还是去养老院好,0.2915,中性,7,2024-07-14
1045,douyin,小区新安装了老年健身器材，方便多了…,0.763,正面,20,2024-02-19
1046,douyin,老年舞蹈队跳得真好看，充满活力💪,0.8274,正面,7,2024-02-08
1047,douyin,陪着父母去旅游，他们开心极了,0.5569,正面,2,2024-02-02
1048,douyin,陪着父母去旅游，他们开心极了！,0.8967,正面,1,2024-08-05
1049,douyin,陪着父母去旅游，他们开心极了,0.6398,正面,18,2024-12-23
1050,douyin,老年人是社会的财富，应该多关心他们,0.8284,正面,1,2024-12-04
1051,douyin,特别养老金年年涨，生活有保障,0.8982,正面,19,2024-02-08
1052,douyin,实在陪着父母去旅游，他们开心极了😔,0.8755,正面,5,2024-12-05
1053,douyin,老年人也要与时俱进，学会用智能手机💪,0.6849,正面,31,2024-01-10
1054,douyin,老年公交卡真方便，出行无忧,0.807,正面,13,2024-09-06
1055,douyin,老年人经验丰富，是年轻人的好老师👍,0.822,正面,211,2024-12-27
1056,douyin,实在骗子专门盯着老年人骗，防不胜防！,0.0681,负面,3,2024-02-17
1057,douyin,养老院条件太差了，费用还死贵,0.1512,负面,11,2024-04-13
1058,douyin,建议骗子专门盯着老年人骗，防不胜防😔,0.125,负面,3,2024-08-11
1059,douyin,太养老院条件太差了，费用还死贵,0.0204,负面,4,2024-05-04
1060,douyin,简直养老金年年涨，生活有保障！,0.8615,正面,7,2024-03-18
1061,douyin,养老金年年涨，生活有保障,0.5544,正面,19,2024-09-07
1062,douyin,社区养老服务越来越好了，点赞🙏,0.9407,正面,70,2024-08-02
1063,douyin,非常退休后参加老年大学，感觉生活充实多了…,0.5534,正面,11,2024-09-07
1064,douyin,养老模式到底是居家好还是去养老院好,0.5422,中性,4,2024-06-14
1065,douyin,老年舞蹈队跳得真好看，充满活力…,0.6101,正面,4,2024-08-19
1066,douyin,希望尊老爱幼是传统美德，大家都要学习,0.8229,正面,10,2024-12-08
1067,douyin,子女都在外地打工，老人独居太可怜👍,0.0368,负面,2,2024-09-24
1068,douyin,太尊老爱幼是传统美德，大家都要学习,0.6856,正面,1,2024-12-25
1069,douyin,养老金年年涨，生活有保障🙏,0.7928,正面,3,2024-11-16
1070,douyin,确实养老院条件太差了，费用还死贵😔,0.1556,负面,2,2024-02-15
1071,douyin,特别退休后参加老年大学，感觉生活充实多了。,0.6146,正面,2,2024-02-03
1072,douyin,人口结构变化会影响经济发展！,0.3274,中性,2,2024-08-21
1073,douyin,非常医院对老年人没有专门的照顾窗口…,0.1028,负面,1,2024-07-28
1074,douyin,老年志愿者真了不起，值得尊敬。,0.8879,正面,1,2024-02-22
1075,douyin,退休后参加老年大学，感觉生活充实多了,0.901,正面,81,2024-10-21
1076,douyin,听说日本老龄化更严重，可以学习经验,0.4599,中性,4,2024-02-10
1077,douyin,有点老年人经验丰富，是年轻人的好老师🤔,0.8915,正面,3,2024-02-12
1078,douyin,老年志愿者真了不起，值得尊敬,0.9101,正面,8,2024-03-24
1079,douyin,直播带货卖假货给老人，没人管管吗…,0.0854,负面,2,2024-06-03
1080,douyin,养老金年年涨，生活有保障😔,0.7445,正面,35,2024-02-09
1081,douyin,简直尊老爱幼是传统美德，大家都要学习。,0.9294,正面,12,2024-10-02
1082,douyin,老年舞蹈队跳得真好看，充满活力😔,0.6946,正面,1,2024-04-02
1083,douyin,希望很多公园没有无障碍通道，轮椅过不去,0.1399,负面,4,2024-02-05
1084,douyin,社区养老服务越来越好了，点赞…,0.6693,正面,19,2024-09-07
1085,douyin,老年人是社会的财富，应该多关心他们。,0.587,正面,33,2024-05-06
1086,douyin,老年人经验丰富，是年轻人的好老师,0.7427,正面,4,2024-12-14
1087,douyin,感觉医院对老年人没有专门的照顾窗口,0.0839,负面,7,2024-02-24
1088,douyin,陪着父母去旅游，他们开心极了💪,0.9256,正面,1,2024-12-11
1089,douyin,小区新安装了老年健身器材，方便多了。,0.9235,正面,97,2024-02-26
1090,douyin,老年人也要与时俱进，学会用智能手机,0.5515,正面,2,2024-11-15
1091,douyin,老年人也要与时俱进，学会用智能手机👍,0.9416,正面,32,2024-03-20
1092,douyin,老年生活也可以很精彩，活到老学到老🙏,0.931,正面,7,2024-01-12
1093,douyin,老年公交卡真方便，出行无忧,0.6728,正面,6,2024-12-16
1094,douyin,感谢政府对老年人的关怀和照顾👍,0.6909,正面,5,2024-06-04
1095,douyin,感谢政府对老年人的关怀和照顾👍,0.6208,正面,2,2024-07-13
1096,douyin,老年痴呆走失了警察也找不到💪,0.1393,负面,2,2024-10-28
1097,douyin,真的很多公园没有无障碍通道，轮椅过不去🙏,0.1691,负面,2,2024-07-04
1098,douyin,有点养老基金还够不够用啊👍,0.5282,中性,2,2024-10-26
1099,douyin,每个家庭都会面临养老问题👍,0.3136,中性,12,2024-07-04
1100,douyin,直播坑老人买保健品，太可恶了😔,0.0766,负面,3,2024-07-27
1101,douyin,感谢政府对老年人的关怀和照顾！,0.8629,正面,1,2024-11-09
1102,douyin,很多公园没有无障碍通道，轮椅过不去,0.1828,负面,47,2024-07-02
1103,douyin,老年舞蹈队跳得真好看，充满活力💪,0.6998,正面,20,2024-10-11
1104,douyin,太养老金年年涨，生活有保障,0.9471,正面,28,2024-10-21
1105,douyin,很多公园没有无障碍通道，轮椅过不去🤔,0.1871,负面,131,2024-07-24
1106,douyin,感谢政府对老年人的关怀和照顾,0.7569,正面,2,2024-12-26
1107,douyin,希望社区食堂对老年人优惠，真的很贴心！,0.7808,正面,3,2024-09-06
1108,douyin,感觉社区养老服务越来越好了，点赞,0.5603,正面,11,2024-01-20
1109,douyin,有点老年人是社会的财富，应该多关心他们🤔,0.8469,正面,9,2024-11-25
1110,douyin,有些社区食堂对老年人优惠，真的很贴心,0.9092,正面,1,2024-12-25
1111,douyin,老龄化是社会发展的必然趋势🤔,0.3325,中性,14,2024-01-21
1112,douyin,非常老年公交卡真方便，出行无忧！,0.7884,正面,2,2024-03-03
1113,douyin,确实感谢政府对老年人的关怀和照顾😔,0.9151,正面,2,2024-01-14
1114,douyin,社区食堂对老年人优惠，真的很贴心…,0.5805,正面,5,2024-06-21
1115,douyin,养老院条件太差了，费用还死贵🤔,0.0668,负面,6,2024-10-21
1116,douyin,感谢政府对老年人的关怀和照顾🙏,0.9475,正面,6,2024-10-18
1117,douyin,感觉老年人也要与时俱进，学会用智能手机,0.6518,正面,1,2024-09-01
1118,douyin,特别感谢政府对老年人的关怀和照顾,0.5959,正面,19,2024-04-03
1119,douyin,建议小区新安装了老年健身器材，方便多了👍,0.6297,正面,2,2024-11-10
1120,douyin,人口结构变化会影响经济发展,0.3808,中性,1,2024-05-06
1121,douyin,感觉延迟退休政策对老年人有什么影响！,0.5386,中性,20,2024-03-26
1122,douyin,社区没有老年活动场所，天天在家发呆🙏,0.0924,负面,38,2024-12-09
1123,douyin,特别养老基金还够不够用啊。,0.3649,中性,17,2024-11-27
1124,douyin,老年公交卡真方便，出行无忧🙏,0.5635,正面,13,2024-07-10
1125,douyin,实在社区养老服务越来越好了，点赞。,0.622,正面,8,2024-04-03
1126,douyin,真的养老模式到底是居家好还是去养老院好。,0.2935,中性,5,2024-12-01
1127,douyin,养老金年年涨，生活有保障👍,0.8681,正面,1,2024-02-13
1128,douyin,老年产业应该是个新风口💪,0.3152,中性,4,2024-10-26
1129,douyin,社区食堂对老年人优惠，真的很贴心。,0.7187,正面,3,2024-06-07
1130,douyin,小区新安装了老年健身器材，方便多了…,0.7495,正面,2,2024-02-04
1131,douyin,真的感谢政府对老年人的关怀和照顾！,0.7865,正面,10,2024-01-21
1132,douyin,老年人在家摔倒没人知道怎么办,0.0349,负面,5,2024-09-17
1133,douyin,太老年人是社会的财富，应该多关心他们💪,0.5778,正面,1,2024-05-09
1134,douyin,每个家庭都会面临养老问题😔,0.2739,中性,2,2024-10-02
1135,douyin,小区新安装了老年健身器材，方便多了,0.7473,正面,8,2024-06-20
1136,douyin,特别老年人是社会的财富，应该多关心他们💪,0.8802,正面,1,2024-12-14
1137,douyin,老年生活也可以很精彩，活到老学到老👍,0.8396,正面,16,2024-01-23
1138,douyin,非常老年舞蹈队跳得真好看，充满活力,0.5672,正面,5,2024-05-11
1139,douyin,尊老爱幼是传统美德，大家都要学习,0.9199,正面,4,2024-03-11
1140,douyin,每个家庭都会面临养老问题👍,0.4411,中性,6,2024-09-08
1141,douyin,延迟退休政策对老年人有什么影响,0.3466,中性,14,2024-02-09
1142,douyin,养老模式到底是居家好还是去养老院好🤔,0.4176,中性,3,2024-11-24
1143,douyin,真的重庆的老龄化程度在全国处于什么水平🤔,0.5415,中性,8,2024-04-15
1144,douyin,社区养老服务越来越好了，点赞👍,0.6862,正面,6,2024-09-28
1145,douyin,延迟退休政策对老年人有什么影响👍,0.4626,中性,2,2024-02-05
1146,douyin,养老金根本不够用，物价涨得太快👍,0.1953,负面,19,2024-04-25
1147,douyin,退休后参加老年大学，感觉生活充实多了🙏,0.7192,正面,13,2024-11-04
1148,douyin,有点社区养老服务越来越好了，点赞,0.848,正面,8,2024-05-01
1149,douyin,有些人口结构变化会影响经济发展,0.3556,中性,16,2024-06-14
1150,douyin,有点老年志愿者真了不起，值得尊敬！,0.7223,正面,18,2024-06-04
1151,douyin,实在每个家庭都会面临养老问题🙏,0.3082,中性,9,2024-05-17
1152,douyin,社区养老服务越来越好了，点赞,0.8225,正面,15,2024-04-04
1153,douyin,确实医院对老年人没有专门的照顾窗口！,0.0606,负面,9,2024-04-20
1154,douyin,社区养老服务越来越好了，点赞💪,0.638,正面,8,2024-05-16
1155,douyin,感觉老年生活也可以很精彩，活到老学到老！,0.6891,正面,7,2024-12-01
1156,douyin,老年公交卡真方便，出行无忧！,0.8302,正面,11,2024-12-08
1157,douyin,有点社区养老服务越来越好了，点赞,0.6167,正面,1,2024-01-22
1158,douyin,确实老年人是社会的财富，应该多关心他们,0.621,正面,19,2024-11-25
1159,douyin,人口结构变化会影响经济发展,0.4249,中性,18,2024-08-04
1160,douyin,简直医院对老年人没有专门的照顾窗口👍,0.1392,负面,1,2024-09-06
1161,douyin,重庆的老龄化程度在全国处于什么水平😔,0.3414,中性,14,2024-08-24
1162,douyin,有点老年人在家摔倒没人知道怎么办,0.136,负面,1,2024-06-10
1163,douyin,很多公园没有无障碍通道，轮椅过不去🙏,0.1361,负面,3,2024-08-04
1164,douyin,老龄化是社会发展的必然趋势,0.2944,中性,10,2024-11-05
1165,douyin,老年生活也可以很精彩，活到老学到老…,0.781,正面,1,2024-06-07
1166,douyin,老年人经验丰富，是年轻人的好老师🤔,0.8055,正面,14,2024-11-18
1167,douyin,希望直播带货卖假货给老人，没人管管吗。,0.1101,负面,15,2024-06-13
1168,douyin,有些老年人在家摔倒没人知道怎么办💪,0.0688,负面,5,2024-06-27
1169,douyin,小区新安装了老年健身器材，方便多了。,0.7767,正面,1,2024-05-04
1170,douyin,社区食堂对老年人优惠，真的很贴心👍,0.6089,正面,2,2024-05-20
1171,douyin,有点退休后参加老年大学，感觉生活充实多了,0.5758,正面,7,2024-04-10
1172,douyin,真的退休后参加老年大学，感觉生活充实多了,0.552,正面,63,2024-05-05
1173,douyin,很多公园没有无障碍通道，轮椅过不去👍,0.1732,负面,7,2024-03-03
1174,douyin,老年人也要与时俱进，学会用智能手机,0.6287,正面,2,2024-05-08
1175,douyin,感谢政府对老年人的关怀和照顾…,0.6495,正面,7,2024-07-13
1176,douyin,感觉直播带货卖假货给老人，没人管管吗…,0.0674,负面,5,2024-11-11
1177,douyin,听说日本老龄化更严重，可以学习经验,0.325,中性,12,2024-05-10
1178,douyin,老年公交卡真方便，出行无忧…,0.8013,正面,1,2024-07-04
1179,douyin,老年人也要与时俱进，学会用智能手机💪,0.6753,正面,11,2024-06-15
1180,douyin,老年人经验丰富，是年轻人的好老师👍,0.9346,正面,5,2024-01-25
1181,douyin,简直尊老爱幼是传统美德，大家都要学习🙏,0.7961,正面,42,2024-09-12
1182,douyin,太养老基金还够不够用啊,0.5133,中性,3,2024-07-22
1183,douyin,老年舞蹈队跳得真好看，充满活力,0.9,正面,7,2024-02-02
1184,douyin,子女都在外地打工，老人独居太可怜！,0.0303,负面,29,2024-10-16
1185,douyin,直播坑老人买保健品，太可恶了💪,0.1507,负面,1,2024-12-02
1186,douyin,老年志愿者真了不起，值得尊敬,0.8462,正面,30,2024-11-21
1187,douyin,退休后参加老年大学，感觉生活充实多了😔,0.8377,正面,8,2024-10-23
1188,douyin,老年人是社会的财富，应该多关心他们👍,0.6112,正面,1,2024-02-08
1189,douyin,老年人是社会的财富，应该多关心他们,0.8831,正面,2,2024-02-10
1190,douyin,尊老爱幼是传统美德，大家都要学习👍,0.8781,正面,9,2024-05-27
1191,douyin,真的医院对老年人没有专门的照顾窗口,0.0334,负面,1,2024-03-27
1192,douyin,有点老年人也要与时俱进，学会用智能手机！,0.8299,正面,6,2024-05-22
1193,douyin,太社区没有老年活动场所，天天在家发呆💪,0.0798,负面,3,2024-02-15
1194,douyin,养老院条件太差了，费用还死贵🙏,0.0153,负面,7,2024-07-01
1195,douyin,社区食堂对老年人优惠，真的很贴心,0.9073,正面,1,2024-06-05
1196,douyin,社区没有老年活动场所，天天在家发呆。,0.0626,负面,18,2024-09-28
1197,douyin,老年人也要与时俱进，学会用智能手机,0.76,正面,52,2024-11-05
1198,douyin,养老基金还够不够用啊,0.3518,中性,47,2024-05-26
1199,douyin,直播坑老人买保健品，太可恶了…,0.1841,负面,10,2024-08-20
1200,douyin,老年公交卡真方便，出行无忧！,0.7528,正面,1,2024-03-23
1201,douyin,养老基金还够不够用啊…,0.3544,中性,11,2024-02-02
1202,douyin,养老院条件太差了，费用还死贵😔,0.054,负面,1,2024-11-16
1203,douyin,听说日本老龄化更严重，可以学习经验💪,0.2816,中性,1,2024-07-25
1204,douyin,建议叫120等了40分钟才到，急救反应太慢了,0.1263,负面,3,2024-08-25
1205,douyin,建议老龄化是社会发展的必然趋势😔,0.5271,中性,4,2024-07-05
1206,douyin,简直小区新安装了老年健身器材，方便多了💪,0.725,正面,11,2024-03-14
1207,douyin,老年人是社会的财富，应该多关心他们,0.8016,正面,8,2024-01-26
1208,douyin,农村老人看病太难了，要走几十里路,0.1571,负面,4,2024-06-06
1209,douyin,老年生活也可以很精彩，活到老学到老。,0.7781,正面,2,2024-06-20
1210,douyin,确实社区没有老年活动场所，天天在家发呆🙏,0.0912,负面,177,2024-02-05
1211,douyin,小区新安装了老年健身器材，方便多了。,0.6422,正面,4,2024-01-08
1212,douyin,实在老年人在家摔倒没人知道怎么办！,0.0842,负面,4,2024-02-18
1213,douyin,感觉直播带货卖假货给老人，没人管管吗,0.1261,负面,1,2024-09-23
1214,douyin,太延迟退休政策对老年人有什么影响！,0.446,中性,13,2024-04-11
1215,douyin,希望老年志愿者真了不起，值得尊敬,0.8767,正面,9,2024-04-16
1216,douyin,医院对老年人没有专门的照顾窗口,0.1818,负面,2,2024-06-03
1217,douyin,养老基金还够不够用啊😔,0.5288,中性,1,2024-03-09
1218,douyin,小区新安装了老年健身器材，方便多了…,0.753,正面,8,2024-08-10
1219,douyin,老年人是社会的财富，应该多关心他们,0.5605,正面,8,2024-09-20
1220,douyin,太老龄化是社会发展的必然趋势💪,0.4157,中性,2,2024-03-14
1221,douyin,社区养老服务越来越好了，点赞。,0.7252,正面,36,2024-06-07
1222,douyin,真的老年人是社会的财富，应该多关心他们,0.6453,正面,1,2024-07-24
1223,douyin,真的叫120等了40分钟才到，急救反应太慢了,0.1759,负面,4,2024-01-05
1224,douyin,老年人是社会的财富，应该多关心他们,0.6757,正面,33,2024-05-05
1225,douyin,有些社区养老服务越来越好了，点赞,0.8126,正面,4,2024-08-23
1226,douyin,买药太贵了，慢性病吃药一年花好几万。,0.0519,负面,7,2024-09-10
1227,douyin,退休后参加老年大学，感觉生活充实多了,0.6775,正面,3,2024-01-12
1228,douyin,实在养老基金还够不够用啊👍,0.3959,中性,2,2024-04-10
1229,douyin,简直老年人也要与时俱进，学会用智能手机💪,0.8766,正面,70,2024-08-21
1230,douyin,非常叫120等了40分钟才到，急救反应太慢了🙏,0.1048,负面,4,2024-07-10
1231,douyin,陪着父母去旅游，他们开心极了…,0.7939,正面,21,2024-07-15
1232,douyin,老年人经验丰富，是年轻人的好老师,0.6238,正面,2,2024-11-10
1233,douyin,感谢政府对老年人的关怀和照顾。,0.9249,正面,2,2024-05-26
1234,douyin,养老模式到底是居家好还是去养老院好…,0.4677,中性,1,2024-12-24
1235,douyin,骗子专门盯着老年人骗，防不胜防🤔,0.0837,负面,7,2024-05-28
1236,douyin,老年人也要与时俱进，学会用智能手机,0.7773,正面,3,2024-07-15
1237,douyin,老年人是社会的财富，应该多关心他们！,0.6623,正面,18,2024-02-08
1238,douyin,非常老年人经验丰富，是年轻人的好老师🤔,0.5654,正面,4,2024-05-26
1239,douyin,养老金年年涨，生活有保障,0.8143,正面,47,2024-08-15
1240,douyin,希望小区新安装了老年健身器材，方便多了👍,0.5648,正面,2,2024-04-14
1241,douyin,社区养老服务越来越好了，点赞。,0.6606,正面,18,2024-02-15
1242,douyin,老年舞蹈队跳得真好看，充满活力,0.6605,正面,12,2024-04-21
1243,douyin,希望养老金年年涨，生活有保障,0.8124,正面,11,2024-03-22
1244,douyin,建议老年人是社会的财富，应该多关心他们！,0.7714,正面,16,2024-05-01
1245,douyin,确实老年人是社会的财富，应该多关心他们👍,0.7902,正面,11,2024-08-04
1246,douyin,感谢政府对老年人的关怀和照顾🤔,0.7781,正面,7,2024-07-03
1247,douyin,养老院条件太差了，费用还死贵。,0.0147,负面,1,2024-06-14
1248,douyin,真的退休后参加老年大学，感觉生活充实多了！,0.7988,正面,1,2024-03-19
1249,douyin,老年生活也可以很精彩，活到老学到老💪,0.8732,正面,26,2024-09-26
1250,douyin,建议养老金根本不够用，物价涨得太快,0.1678,负面,7,2024-07-25
1251,douyin,直播带货卖假货给老人，没人管管吗🙏,0.1985,负面,13,2024-11-18
1252,douyin,社区养老服务越来越好了，点赞,0.889,正面,4,2024-10-16
1253,douyin,简直老年生活也可以很精彩，活到老学到老。,0.8844,正面,1,2024-04-26
1254,douyin,简直感谢政府对老年人的关怀和照顾😔,0.8493,正面,1,2024-12-14
1255,douyin,老年志愿者真了不起，值得尊敬🤔,0.7523,正面,8,2024-08-20
1256,douyin,老年人经验丰富，是年轻人的好老师,0.6419,正面,4,2024-09-08
1257,douyin,不知道未来养老政策会怎么调整。,0.4317,中性,2,2024-06-04
1258,douyin,老年志愿者真了不起，值得尊敬🤔,0.9433,正面,5,2024-04-06
1259,douyin,社区养老服务越来越好了，点赞💪,0.7175,正面,1,2024-08-24
1260,douyin,实在老年人是社会的财富，应该多关心他们,0.8835,正面,6,2024-03-17
1261,douyin,农村老人看病太难了，要走几十里路,0.0342,负面,2,2024-12-10
1262,douyin,陪着父母去旅游，他们开心极了🙏,0.9093,正面,13,2024-02-24
1263,douyin,老年公交卡真方便，出行无忧…,0.692,正面,3,2024-11-15
1264,douyin,小区新安装了老年健身器材，方便多了💪,0.83,正面,4,2024-10-27
1265,douyin,希望老年人是社会的财富，应该多关心他们😔,0.7874,正面,1,2024-07-11
1266,douyin,老年人也要与时俱进，学会用智能手机,0.7852,正面,1,2024-04-10
1267,douyin,养老金年年涨，生活有保障👍,0.7571,正面,3,2024-07-10
1268,douyin,建议老年舞蹈队跳得真好看，充满活力💪,0.6214,正面,4,2024-04-14
1269,douyin,实在养老金年年涨，生活有保障,0.6757,正面,6,2024-05-09
1270,douyin,老年公交卡真方便，出行无忧！,0.6177,正面,2,2024-10-25
1271,douyin,有些子女都在外地打工，老人独居太可怜👍,0.0629,负面,9,2024-03-01
1272,douyin,有点骗子专门盯着老年人骗，防不胜防,0.1122,负面,17,2024-06-07
1273,douyin,医院对老年人没有专门的照顾窗口,0.091,负面,12,2024-08-10
1274,douyin,重庆的老龄化程度在全国处于什么水平！,0.3833,中性,1,2024-02-28
1275,douyin,老年痴呆走失了警察也找不到,0.1371,负面,4,2024-12-26
1276,douyin,有点养老模式到底是居家好还是去养老院好🤔,0.297,中性,1,2024-12-17
1277,douyin,确实养老模式到底是居家好还是去养老院好💪,0.5177,中性,2,2024-09-11
1278,douyin,子女都在外地打工，老人独居太可怜🤔,0.1692,负面,77,2024-11-01
1279,douyin,简直老年人经验丰富，是年轻人的好老师！,0.8988,正面,1,2024-08-05
1280,douyin,希望老年痴呆走失了警察也找不到,0.1044,负面,5,2024-09-28
1281,douyin,社区养老服务越来越好了，点赞💪,0.7463,正面,7,2024-03-02
1282,douyin,养老基金还够不够用啊🤔,0.3641,中性,9,2024-06-16
1283,douyin,有点买药太贵了，慢性病吃药一年花好几万😔,0.0541,负面,6,2024-11-13
1284,douyin,非常退休后参加老年大学，感觉生活充实多了…,0.5886,正面,1,2024-08-11
1285,douyin,重庆的老龄化程度在全国处于什么水平🤔,0.3029,中性,3,2024-02-12
1286,douyin,人口结构变化会影响经济发展🙏,0.502,中性,5,2024-07-22
1287,douyin,退休后参加老年大学，感觉生活充实多了…,0.753,正面,1,2024-01-18
1288,douyin,感谢政府对老年人的关怀和照顾…,0.7145,正面,3,2024-07-09
1289,douyin,老年人也要与时俱进，学会用智能手机,0.6376,正面,1,2024-05-15
1290,douyin,希望老年公交卡真方便，出行无忧,0.6166,正面,1,2024-10-20
1291,douyin,老年志愿者真了不起，值得尊敬…,0.558,正面,3,2024-02-25
1292,douyin,真的很多公园没有无障碍通道，轮椅过不去👍,0.1555,负面,1,2024-04-12
1293,douyin,买药太贵了，慢性病吃药一年花好几万,0.1118,负面,6,2024-05-26
1294,douyin,农村老人看病太难了，要走几十里路,0.0885,负面,8,2024-01-02
1295,douyin,有点老年产业应该是个新风口,0.2808,中性,13,2024-03-10
1296,douyin,非常社区食堂对老年人优惠，真的很贴心💪,0.859,正面,2,2024-02-27
1297,douyin,不知道未来养老政策会怎么调整,0.4955,中性,1,2024-02-03
1298,douyin,老年人也要与时俱进，学会用智能手机,0.8821,正面,1,2024-02-24
1299,douyin,养老金年年涨，生活有保障…,0.8937,正面,7,2024-09-24
1300,douyin,希望小区新安装了老年健身器材，方便多了🙏,0.6311,正面,9,2024-08-13
1301,douyin,老年生活也可以很精彩，活到老学到老😔,0.9368,正面,1,2024-05-23
1302,douyin,小区新安装了老年健身器材，方便多了👍,0.841,正面,30,2024-12-04
1303,douyin,特别老年人是社会的财富，应该多关心他们😔,0.7089,正面,1,2024-10-04
1304,douyin,有些老年舞蹈队跳得真好看，充满活力,0.802,正面,5,2024-04-28
1305,douyin,重庆的老龄化程度在全国处于什么水平😔,0.2924,中性,9,2024-09-24
1306,douyin,特别小区新安装了老年健身器材，方便多了,0.6508,正面,18,2024-01-11
1307,douyin,老年人在家摔倒没人知道怎么办😔,0.1412,负面,9,2024-09-16
1308,douyin,去大医院排队排到心塞，老年人体力吃不消👍,0.0711,负面,13,2024-09-28
1309,douyin,真的养老金根本不够用，物价涨得太快,0.1429,负面,3,2024-09-24
1310,douyin,太小区新安装了老年健身器材，方便多了😔,0.8979,正面,14,2024-03-21
1311,douyin,非常陪着父母去旅游，他们开心极了,0.7688,正面,1,2024-07-10
1312,douyin,养老金年年涨，生活有保障,0.9058,正面,21,2024-03-10
1313,douyin,老年痴呆走失了警察也找不到😔,0.0805,负面,5,2024-08-07
1314,douyin,老年痴呆走失了警察也找不到,0.1993,负面,14,2024-09-23
1315,douyin,老年人经验丰富，是年轻人的好老师,0.6217,正面,4,2024-05-23
1316,douyin,真的社区养老服务越来越好了，点赞🙏,0.7651,正面,7,2024-08-20
1317,douyin,希望社区食堂对老年人优惠，真的很贴心,0.7737,正面,5,2024-04-09
1318,douyin,买药太贵了，慢性病吃药一年花好几万。,0.091,负面,10,2024-10-25
1319,douyin,骗子专门盯着老年人骗，防不胜防,0.1128,负面,1,2024-10-05
1320,douyin,延迟退休政策对老年人有什么影响,0.3035,中性,1,2024-09-19
1321,douyin,老年舞蹈队跳得真好看，充满活力💪,0.8914,正面,2,2024-10-22
1322,douyin,老年人是社会的财富，应该多关心他们,0.8633,正面,1,2024-10-05
1323,douyin,真的陪着父母去旅游，他们开心极了,0.5501,正面,18,2024-09-26
1324,douyin,小区新安装了老年健身器材，方便多了,0.6808,正面,2,2024-04-18
1325,douyin,有些老年人经验丰富，是年轻人的好老师。,0.8325,正面,55,2024-09-03
1326,douyin,子女都在外地打工，老人独居太可怜…,0.1684,负面,3,2024-09-15
1327,douyin,延迟退休政策对老年人有什么影响…,0.4556,中性,2,2024-11-12
1328,douyin,感谢政府对老年人的关怀和照顾。,0.8921,正面,12,2024-12-14
1329,douyin,建议听说日本老龄化更严重，可以学习经验,0.3647,中性,8,2024-04-15
1330,douyin,特别老年人是社会的财富，应该多关心他们！,0.7845,正面,5,2024-09-01
1331,douyin,建议退休后参加老年大学，感觉生活充实多了💪,0.8067,正面,5,2024-05-09
1332,douyin,买药太贵了，慢性病吃药一年花好几万😔,0.0158,负面,9,2024-10-21
1333,douyin,小区新安装了老年健身器材，方便多了👍,0.85,正面,2,2024-02-02
1334,douyin,老年公交卡真方便，出行无忧,0.8353,正面,156,2024-03-03
1335,douyin,直播坑老人买保健品，太可恶了,0.0206,负面,53,2024-06-04
1336,douyin,去大医院排队排到心塞，老年人体力吃不消。,0.1345,负面,7,2024-11-28
1337,douyin,养老院条件太差了，费用还死贵。,0.1821,负面,2,2024-09-01
1338,douyin,有些社区食堂对老年人优惠，真的很贴心,0.8179,正面,8,2024-12-09
1339,douyin,有些老年人是社会的财富，应该多关心他们…,0.6602,正面,1,2024-03-21
1340,douyin,感觉老年志愿者真了不起，值得尊敬💪,0.6903,正面,1,2024-02-19
1341,douyin,老年公交卡真方便，出行无忧,0.5862,正面,2,2024-06-19
1342,douyin,确实老龄化是社会发展的必然趋势💪,0.3153,中性,4,2024-04-10
1343,douyin,非常不知道未来养老政策会怎么调整,0.3431,中性,18,2024-05-05
1344,douyin,陪着父母去旅游，他们开心极了,0.6253,正面,10,2024-05-09
1345,douyin,希望小区新安装了老年健身器材，方便多了👍,0.6921,正面,10,2024-08-27
1346,douyin,感觉陪着父母去旅游，他们开心极了,0.7841,正面,4,2024-12-14
1347,douyin,延迟退休政策对老年人有什么影响👍,0.3122,中性,3,2024-09-27
1348,douyin,非常老年舞蹈队跳得真好看，充满活力,0.6343,正面,3,2024-02-17
1349,douyin,太小区新安装了老年健身器材，方便多了🤔,0.7847,正面,80,2024-10-02
1350,douyin,太养老模式到底是居家好还是去养老院好😔,0.5108,中性,1,2024-06-11
1351,douyin,感谢政府对老年人的关怀和照顾,0.6725,正面,18,2024-01-15
1352,douyin,每个家庭都会面临养老问题,0.4693,中性,6,2024-05-24
1353,douyin,简直人口结构变化会影响经济发展👍,0.4536,中性,4,2024-02-14
1354,douyin,有些养老基金还够不够用啊,0.3702,中性,10,2024-05-20
1355,douyin,特别医院对老年人没有专门的照顾窗口,0.1529,负面,4,2024-02-10
1356,douyin,社区没有老年活动场所，天天在家发呆🤔,0.0852,负面,19,2024-03-07
1357,douyin,社区养老服务越来越好了，点赞…,0.6238,正面,22,2024-02-24
1358,douyin,有点老年志愿者真了不起，值得尊敬,0.8883,正面,4,2024-06-04
1359,douyin,老年人经验丰富，是年轻人的好老师🤔,0.8295,正面,2,2024-07-27
1360,douyin,实在重庆的老龄化程度在全国处于什么水平…,0.3663,中性,6,2024-06-10
1361,douyin,老年产业应该是个新风口💪,0.2715,中性,24,2024-10-01
1362,douyin,特别养老院条件太差了，费用还死贵👍,0.1559,负面,2,2024-01-20
1363,douyin,子女都在外地打工，老人独居太可怜,0.0537,负面,7,2024-04-10
1364,douyin,老年人经验丰富，是年轻人的好老师！,0.8116,正面,7,2024-05-13
1365,douyin,有些老年人经验丰富，是年轻人的好老师,0.6218,正面,10,2024-08-26
1366,douyin,老年人也要与时俱进，学会用智能手机,0.5906,正面,1,2024-03-11
1367,douyin,希望老年人经验丰富，是年轻人的好老师🤔,0.8245,正面,9,2024-07-14
1368,douyin,有点退休后参加老年大学，感觉生活充实多了👍,0.8468,正面,24,2024-06-25
1369,douyin,实在老年产业应该是个新风口…,0.5415,中性,2,2024-09-25
1370,douyin,建议直播坑老人买保健品，太可恶了🙏,0.0386,负面,2,2024-05-07
1371,douyin,有点小区新安装了老年健身器材，方便多了😔,0.6627,正面,50,2024-06-02
1372,douyin,感谢政府对老年人的关怀和照顾,0.82,正面,2,2024-09-09
1373,douyin,希望老年人经验丰富，是年轻人的好老师,0.557,正面,17,2024-10-04
1374,douyin,确实老年产业应该是个新风口👍,0.4716,中性,5,2024-02-05
1375,douyin,有点每个家庭都会面临养老问题💪,0.5178,中性,2,2024-10-08
1376,douyin,建议感谢政府对老年人的关怀和照顾🤔,0.6991,正面,18,2024-02-13
1377,douyin,社区食堂对老年人优惠，真的很贴心,0.8497,正面,4,2024-03-24
1378,douyin,重庆的老龄化程度在全国处于什么水平,0.5011,中性,5,2024-04-19
1379,douyin,医院对老年人没有专门的照顾窗口,0.1077,负面,3,2024-12-26
1380,douyin,小区新安装了老年健身器材，方便多了！,0.6361,正面,6,2024-12-23
1381,douyin,实在社区食堂对老年人优惠，真的很贴心🤔,0.5683,正面,1,2024-05-09
1382,douyin,老年人是社会的财富，应该多关心他们！,0.8628,正面,3,2024-05-15
1383,douyin,确实老年生活也可以很精彩，活到老学到老🙏,0.5572,正面,48,2024-05-24
1384,douyin,有些养老基金还够不够用啊,0.3486,中性,2,2024-06-11
1385,douyin,小区新安装了老年健身器材，方便多了😔,0.6107,正面,8,2024-04-18
1386,douyin,延迟退休政策对老年人有什么影响🙏,0.3709,中性,3,2024-02-21
1387,douyin,感谢政府对老年人的关怀和照顾👍,0.5832,正面,12,2024-06-10
1388,douyin,感觉人口结构变化会影响经济发展🙏,0.4524,中性,1,2024-03-20
1389,douyin,非常老年人经验丰富，是年轻人的好老师👍,0.9483,正面,48,2024-12-16
1390,douyin,老年志愿者真了不起，值得尊敬,0.6027,正面,4,2024-02-13
1391,douyin,实在社区养老服务越来越好了，点赞💪,0.7783,正面,2,2024-07-18
1392,douyin,老年生活也可以很精彩，活到老学到老。,0.7173,正面,1,2024-06-21
1393,douyin,养老模式到底是居家好还是去养老院好,0.4007,中性,1,2024-07-16
1394,douyin,老年公交卡真方便，出行无忧,0.7298,正面,5,2024-07-10
1395,douyin,感谢政府对老年人的关怀和照顾🤔,0.8552,正面,3,2024-02-13
1396,douyin,简直养老金根本不够用，物价涨得太快,0.0459,负面,15,2024-10-20
1397,douyin,简直每个家庭都会面临养老问题,0.5336,中性,4,2024-10-21
1398,douyin,养老模式到底是居家好还是去养老院好🤔,0.2568,中性,2,2024-07-18
1399,douyin,养老院条件太差了，费用还死贵,0.097,负面,7,2024-03-16
1400,douyin,感觉退休后参加老年大学，感觉生活充实多了😔,0.5759,正面,9,2024-08-08
1401,douyin,很多公园没有无障碍通道，轮椅过不去🤔,0.0436,负面,1,2024-02-26
1402,douyin,直播带货卖假货给老人，没人管管吗,0.0403,负面,1,2024-01-24
1403,douyin,每个家庭都会面临养老问题…,0.5101,中性,1,2024-02-26
1404,douyin,感觉直播带货卖假货给老人，没人管管吗🤔,0.146,负面,10,2024-09-23
1405,douyin,太陪着父母去旅游，他们开心极了💪,0.8404,正面,8,2024-01-12
1406,douyin,老年产业应该是个新风口,0.4388,中性,4,2024-02-05
1407,douyin,实在养老基金还够不够用啊。,0.4761,中性,16,2024-07-22
1408,douyin,确实老年生活也可以很精彩，活到老学到老。,0.8682,正面,13,2024-11-23
1409,douyin,非常老年人也要与时俱进，学会用智能手机。,0.7466,正面,6,2024-05-23
1410,douyin,小区新安装了老年健身器材，方便多了🙏,0.8298,正面,18,2024-01-25
1411,douyin,退休后参加老年大学，感觉生活充实多了🙏,0.5604,正面,2,2024-06-23
1412,douyin,老年人也要与时俱进，学会用智能手机😔,0.6133,正面,1,2024-12-15
1413,douyin,非常老年舞蹈队跳得真好看，充满活力…,0.828,正面,2,2024-05-21
1414,douyin,真的老年生活也可以很精彩，活到老学到老！,0.7833,正面,1,2024-06-24
1415,douyin,实在老年公交卡真方便，出行无忧🙏,0.6182,正面,5,2024-09-11
1416,douyin,有些老年公交卡真方便，出行无忧😔,0.7441,正面,30,2024-03-16
1417,douyin,简直社区养老服务越来越好了，点赞,0.6869,正面,1,2024-05-20
1418,douyin,养老模式到底是居家好还是去养老院好🤔,0.3996,中性,1,2024-01-27
1419,douyin,确实养老模式到底是居家好还是去养老院好。,0.4493,中性,4,2024-09-03
1420,douyin,老年志愿者真了不起，值得尊敬,0.8886,正面,29,2024-01-15
1421,douyin,老年舞蹈队跳得真好看，充满活力🤔,0.8458,正面,3,2024-04-08
1422,douyin,建议养老金年年涨，生活有保障,0.6563,正面,5,2024-12-27
1423,douyin,简直养老院条件太差了，费用还死贵,0.1093,负面,1,2024-10-25
1424,douyin,希望老年志愿者真了不起，值得尊敬,0.9027,正面,1,2024-04-16
1425,douyin,小区新安装了老年健身器材，方便多了,0.629,正面,77,2024-10-16
1426,douyin,养老金年年涨，生活有保障💪,0.7219,正面,44,2024-08-25
1427,douyin,养老基金还够不够用啊！,0.4767,中性,1,2024-07-20
1428,douyin,尊老爱幼是传统美德，大家都要学习！,0.6815,正面,36,2024-11-10
1429,douyin,去大医院排队排到心塞，老年人体力吃不消👍,0.0748,负面,7,2024-05-21
1430,douyin,老年舞蹈队跳得真好看，充满活力。,0.9283,正面,18,2024-09-16
1431,douyin,社区养老服务越来越好了，点赞,0.8542,正面,4,2024-08-11
1432,douyin,有些社区养老服务越来越好了，点赞！,0.8551,正面,5,2024-06-25
1433,douyin,希望退休后参加老年大学，感觉生活充实多了,0.921,正面,4,2024-06-06
1434,douyin,不知道未来养老政策会怎么调整,0.5057,中性,8,2024-06-17
1435,douyin,非常每个家庭都会面临养老问题😔,0.4839,中性,1,2024-05-12
1436,douyin,老年人也要与时俱进，学会用智能手机😔,0.6916,正面,1,2024-05-14
1437,douyin,老龄化是社会发展的必然趋势…,0.4787,中性,3,2024-06-21
1438,douyin,很多公园没有无障碍通道，轮椅过不去,0.0621,负面,9,2024-04-22
1439,douyin,感谢政府对老年人的关怀和照顾…,0.5595,正面,2,2024-06-18
1440,douyin,养老基金还够不够用啊,0.4009,中性,8,2024-02-08
1441,douyin,小区新安装了老年健身器材，方便多了,0.9266,正面,48,2024-11-13
1442,douyin,真的养老金年年涨，生活有保障🤔,0.7844,正面,1,2024-06-09
1443,douyin,建议退休后参加老年大学，感觉生活充实多了,0.5944,正面,8,2024-06-25
1444,douyin,简直买药太贵了，慢性病吃药一年花好几万👍,0.0386,负面,4,2024-02-15
1445,douyin,有些老年志愿者真了不起，值得尊敬！,0.8551,正面,18,2024-12-01
1446,douyin,重庆的老龄化程度在全国处于什么水平💪,0.5112,中性,2,2024-06-28
1447,douyin,特别社区没有老年活动场所，天天在家发呆😔,0.152,负面,9,2024-04-15
1448,douyin,感觉社区食堂对老年人优惠，真的很贴心💪,0.9386,正面,15,2024-01-05
1449,douyin,每个家庭都会面临养老问题,0.3689,中性,33,2024-09-02
1450,douyin,老年人经验丰富，是年轻人的好老师。,0.9483,正面,8,2024-09-16
1451,douyin,确实社区食堂对老年人优惠，真的很贴心👍,0.5768,正面,5,2024-02-18
1452,douyin,重庆的老龄化程度在全国处于什么水平🤔,0.4222,中性,7,2024-04-25
1453,douyin,每个家庭都会面临养老问题💪,0.4953,中性,18,2024-03-21
1454,douyin,社区食堂对老年人优惠，真的很贴心💪,0.7801,正面,6,2024-12-27
1455,douyin,太养老金根本不够用，物价涨得太快,0.1192,负面,1,2024-01-08
1456,douyin,退休后参加老年大学，感觉生活充实多了。,0.8922,正面,29,2024-09-15
1457,douyin,养老基金还够不够用啊💪,0.5276,中性,8,2024-10-05
1458,douyin,有些听说日本老龄化更严重，可以学习经验🙏,0.3425,中性,8,2024-01-25
1459,douyin,简直社区养老服务越来越好了，点赞🤔,0.681,正面,2,2024-04-07
1460,douyin,退休后参加老年大学，感觉生活充实多了。,0.6432,正面,8,2024-01-05
1461,douyin,老年人经验丰富，是年轻人的好老师💪,0.5602,正面,3,2024-04-13
1462,douyin,老年人经验丰富，是年轻人的好老师🙏,0.6295,正面,7,2024-02-03
1463,douyin,简直养老金年年涨，生活有保障,0.8398,正面,1,2024-08-24
1464,douyin,确实养老模式到底是居家好还是去养老院好👍,0.3745,中性,8,2024-06-16
1465,douyin,太小区新安装了老年健身器材，方便多了…,0.5565,正面,403,2024-02-12
1466,douyin,买药太贵了，慢性病吃药一年花好几万🤔,0.0224,负面,1,2024-05-08
1467,douyin,非常每个家庭都会面临养老问题💪,0.5128,中性,57,2024-11-11
1468,douyin,有些老年生活也可以很精彩，活到老学到老,0.6209,正面,3,2024-03-23
1469,douyin,建议老龄化是社会发展的必然趋势🤔,0.4289,中性,18,2024-05-12
1470,douyin,养老金根本不够用，物价涨得太快,0.0428,负面,12,2024-12-26
1471,douyin,有点老年公交卡真方便，出行无忧,0.5938,正面,6,2024-05-13
1472,douyin,真的老年人在家摔倒没人知道怎么办。,0.1282,负面,10,2024-01-16
1473,douyin,太不知道未来养老政策会怎么调整🙏,0.5241,中性,19,2024-12-17
1474,douyin,太老年人是社会的财富，应该多关心他们,0.6895,正面,3,2024-02-16
1475,douyin,买药太贵了，慢性病吃药一年花好几万🙏,0.1806,负面,3,2024-11-01
1476,douyin,希望老年公交卡真方便，出行无忧👍,0.9112,正面,8,2024-06-20
1477,douyin,老年人也要与时俱进，学会用智能手机,0.8824,正面,13,2024-04-17
1478,douyin,确实养老院条件太差了，费用还死贵💪,0.0529,负面,11,2024-07-10
1479,douyin,退休后参加老年大学，感觉生活充实多了。,0.6239,正面,13,2024-12-15
1480,douyin,实在不知道未来养老政策会怎么调整🙏,0.3484,中性,4,2024-12-28
1481,douyin,每个家庭都会面临养老问题,0.4396,中性,14,2024-01-05
1482,douyin,感觉去大医院排队排到心塞，老年人体力吃不消😔,0.0408,负面,1,2024-08-28
1483,douyin,陪着父母去旅游，他们开心极了😔,0.8768,正面,5,2024-04-15
1484,douyin,社区养老服务越来越好了，点赞👍,0.848,正面,1,2024-06-11
1485,douyin,老年舞蹈队跳得真好看，充满活力😔,0.8988,正面,3,2024-11-04
1486,douyin,希望延迟退休政策对老年人有什么影响,0.2689,中性,3,2024-09-05
1487,douyin,建议小区新安装了老年健身器材，方便多了！,0.882,正面,3,2024-03-28
1488,douyin,老年人经验丰富，是年轻人的好老师👍,0.7713,正面,9,2024-03-13
1489,douyin,建议社区食堂对老年人优惠，真的很贴心💪,0.6387,正面,3,2024-06-17
1490,douyin,老年志愿者真了不起，值得尊敬。,0.76,正面,4,2024-09-08
1491,douyin,社区养老服务越来越好了，点赞🙏,0.8222,正面,2,2024-04-27
1492,douyin,真的养老金年年涨，生活有保障…,0.7196,正面,3,2024-05-13
1493,douyin,社区没有老年活动场所，天天在家发呆！,0.0712,负面,2,2024-01-03
1494,douyin,延迟退休政策对老年人有什么影响🙏,0.3126,中性,1,2024-02-02
1495,douyin,小区新安装了老年健身器材，方便多了,0.879,正面,6,2024-07-26
1496,douyin,特别每个家庭都会面临养老问题,0.4274,中性,8,2024-04-09
1497,douyin,直播坑老人买保健品，太可恶了🤔,0.1479,负面,7,2024-03-07
1498,douyin,确实退休后参加老年大学，感觉生活充实多了👍,0.8542,正面,4,2024-05-17
1499,douyin,养老基金还够不够用啊！,0.3913,中性,3,2024-02-18
1500,douyin,老年公交卡真方便，出行无忧。,0.9416,正面,18,2024-05-02
1501,douyin,老年人在家摔倒没人知道怎么办🙏,0.0314,负面,5,2024-03-23
1502,douyin,建议听说日本老龄化更严重，可以学习经验🙏,0.4069,中性,4,2024-10-28
1503,douyin,陪着父母去旅游，他们开心极了…,0.816,正面,1,2024-07-02
1504,douyin,老年人在家摔倒没人知道怎么办！,0.17,负面,3,2024-11-17
1505,douyin,真的陪着父母去旅游，他们开心极了,0.6505,正面,3,2024-12-26
1506,douyin,小区新安装了老年健身器材，方便多了！,0.6386,正面,3,2024-02-25
1507,douyin,陪着父母去旅游，他们开心极了🤔,0.7762,正面,6,2024-07-02
1508,douyin,简直重庆的老龄化程度在全国处于什么水平。,0.4227,中性,5,2024-10-22
1509,douyin,有点老年痴呆走失了警察也找不到😔,0.1514,负面,6,2024-10-28
1510,douyin,买药太贵了，慢性病吃药一年花好几万…,0.163,负面,11,2024-11-01
1511,douyin,非常老年人是社会的财富，应该多关心他们…,0.8022,正面,14,2024-01-24
1512,douyin,老年人在家摔倒没人知道怎么办。,0.0781,负面,9,2024-04-09
1513,douyin,养老模式到底是居家好还是去养老院好！,0.3875,中性,38,2024-03-07
1514,douyin,有点养老模式到底是居家好还是去养老院好,0.4843,中性,1,2024-06-12
1515,douyin,退休后参加老年大学，感觉生活充实多了🤔,0.5905,正面,2,2024-07-11
1516,douyin,每个家庭都会面临养老问题😔,0.3106,中性,1,2024-06-11
1517,douyin,真的很多公园没有无障碍通道，轮椅过不去,0.0403,负面,7,2024-04-19
1518,douyin,有些老年痴呆走失了警察也找不到👍,0.132,负面,22,2024-03-13
1519,douyin,社区养老服务越来越好了，点赞🤔,0.8347,正面,2,2024-07-28
1520,douyin,太感谢政府对老年人的关怀和照顾,0.7631,正面,28,2024-12-27
1521,douyin,真的重庆的老龄化程度在全国处于什么水平,0.3472,中性,1,2024-09-05
1522,douyin,老年生活也可以很精彩，活到老学到老,0.8833,正面,30,2024-04-15
1523,douyin,感觉退休后参加老年大学，感觉生活充实多了😔,0.6475,正面,3,2024-08-14
1524,douyin,感觉陪着父母去旅游，他们开心极了…,0.7574,正面,1,2024-12-09
1525,douyin,简直老年人在家摔倒没人知道怎么办。,0.0919,负面,4,2024-09-12
1526,douyin,养老院条件太差了，费用还死贵💪,0.0711,负面,2,2024-04-26
1527,douyin,老年公交卡真方便，出行无忧😔,0.8637,正面,2,2024-09-11
1528,douyin,建议医院对老年人没有专门的照顾窗口🤔,0.0533,负面,3,2024-09-27
1529,douyin,养老金年年涨，生活有保障😔,0.8846,正面,13,2024-08-19
1530,douyin,尊老爱幼是传统美德，大家都要学习🤔,0.5588,正面,5,2024-01-12
1531,douyin,建议养老院条件太差了，费用还死贵！,0.0221,负面,3,2024-10-09
1532,douyin,人口结构变化会影响经济发展,0.3792,中性,7,2024-07-07
1533,douyin,感觉老年人也要与时俱进，学会用智能手机👍,0.8199,正面,9,2024-07-05
1534,douyin,医院对老年人没有专门的照顾窗口🙏,0.0201,负面,2,2024-02-25
1535,douyin,简直老年产业应该是个新风口,0.3741,中性,4,2024-10-25
1536,douyin,叫120等了40分钟才到，急救反应太慢了,0.1334,负面,1,2024-06-03
1537,douyin,医院对老年人没有专门的照顾窗口…,0.1432,负面,2,2024-07-23
1538,douyin,实在感谢政府对老年人的关怀和照顾💪,0.6232,正面,8,2024-07-09
1539,douyin,希望退休后参加老年大学，感觉生活充实多了🤔,0.7106,正面,2,2024-02-11
1540,douyin,老年产业应该是个新风口,0.3273,中性,5,2024-09-02
1541,douyin,老年人是社会的财富，应该多关心他们,0.9354,正面,9,2024-06-13
1542,douyin,确实老年公交卡真方便，出行无忧,0.7772,正面,1,2024-04-21
1543,douyin,希望老年生活也可以很精彩，活到老学到老,0.9403,正面,6,2024-10-12
1544,douyin,老年痴呆走失了警察也找不到👍,0.1707,负面,2,2024-03-27
1545,douyin,老年人是社会的财富，应该多关心他们,0.9241,正面,42,2024-05-10
1546,douyin,确实尊老爱幼是传统美德，大家都要学习😔,0.786,正面,4,2024-04-20
1547,douyin,直播带货卖假货给老人，没人管管吗🤔,0.0741,负面,13,2024-09-27
1548,douyin,简直重庆的老龄化程度在全国处于什么水平。,0.4506,中性,5,2024-03-08
1549,douyin,有点老年人经验丰富，是年轻人的好老师🤔,0.5666,正面,1,2024-12-25
1550,douyin,有些直播坑老人买保健品，太可恶了🙏,0.1361,负面,7,2024-10-23
1551,douyin,简直听说日本老龄化更严重，可以学习经验！,0.3348,中性,36,2024-11-14
1552,douyin,社区养老服务越来越好了，点赞。,0.7462,正面,6,2024-09-16
1553,douyin,老年舞蹈队跳得真好看，充满活力💪,0.8583,正面,14,2024-01-17
1554,douyin,社区养老服务越来越好了，点赞🙏,0.6728,正面,20,2024-09-06
1555,douyin,老年产业应该是个新风口…,0.2584,中性,2,2024-04-12
1556,douyin,子女都在外地打工，老人独居太可怜👍,0.176,负面,2,2024-03-17
1557,douyin,实在老龄化是社会发展的必然趋势,0.5232,中性,7,2024-12-11
1558,douyin,人口结构变化会影响经济发展,0.312,中性,4,2024-01-13
1559,douyin,简直直播坑老人买保健品，太可恶了🤔,0.1856,负面,15,2024-06-06
1560,douyin,农村老人看病太难了，要走几十里路,0.1843,负面,22,2024-03-20
1561,douyin,延迟退休政策对老年人有什么影响🙏,0.5146,中性,3,2024-12-28
1562,douyin,老年公交卡真方便，出行无忧…,0.8113,正面,2,2024-12-01
1563,douyin,养老金根本不够用，物价涨得太快😔,0.0628,负面,12,2024-05-20
1564,douyin,每个家庭都会面临养老问题,0.2625,中性,2,2024-11-23
1565,douyin,社区养老服务越来越好了，点赞😔,0.5961,正面,14,2024-02-06
1566,douyin,老年人也要与时俱进，学会用智能手机💪,0.6526,正面,4,2024-07-10
1567,douyin,养老金年年涨，生活有保障…,0.6546,正面,8,2024-04-03
1568,douyin,老年志愿者真了不起，值得尊敬,0.9482,正面,1,2024-02-08
1569,douyin,养老院条件太差了，费用还死贵,0.0259,负面,7,2024-04-14
1570,douyin,尊老爱幼是传统美德，大家都要学习🤔,0.7268,正面,4,2024-09-25
1571,douyin,实在养老模式到底是居家好还是去养老院好。,0.2631,中性,6,2024-05-06
1572,douyin,实在老年公交卡真方便，出行无忧！,0.8077,正面,1,2024-09-03
1573,douyin,老年生活也可以很精彩，活到老学到老,0.6844,正面,10,2024-08-03
1574,douyin,特别延迟退休政策对老年人有什么影响,0.4171,中性,17,2024-02-22
1575,douyin,老年志愿者真了不起，值得尊敬💪,0.557,正面,2,2024-06-12
1576,douyin,真的社区养老服务越来越好了，点赞🙏,0.8237,正面,1,2024-01-27
1577,douyin,重庆的老龄化程度在全国处于什么水平,0.5071,中性,1,2024-10-18
1578,douyin,陪着父母去旅游，他们开心极了🤔,0.9143,正面,7,2024-07-10
1579,douyin,老年人也要与时俱进，学会用智能手机！,0.6451,正面,6,2024-06-21
1580,douyin,老年公交卡真方便，出行无忧。,0.6113,正面,5,2024-04-05
1581,douyin,非常不知道未来养老政策会怎么调整,0.5389,中性,2,2024-06-24
1582,douyin,退休后参加老年大学，感觉生活充实多了💪,0.6076,正面,3,2024-09-28
1583,douyin,太养老院条件太差了，费用还死贵…,0.1696,负面,6,2024-07-15
1584,douyin,希望老年人经验丰富，是年轻人的好老师…,0.7354,正面,5,2024-03-24
1585,douyin,建议老年人也要与时俱进，学会用智能手机🤔,0.6264,正面,81,2024-10-12
1586,douyin,非常老年舞蹈队跳得真好看，充满活力,0.8668,正面,1,2024-07-05
1587,douyin,社区食堂对老年人优惠，真的很贴心🙏,0.7309,正面,9,2024-07-02
1588,douyin,老年志愿者真了不起，值得尊敬👍,0.906,正面,3,2024-07-06
1589,douyin,老年生活也可以很精彩，活到老学到老！,0.7044,正面,4,2024-12-22
1590,douyin,太养老基金还够不够用啊。,0.4846,中性,9,2024-08-08
1591,douyin,人口结构变化会影响经济发展🙏,0.3449,中性,9,2024-09-24
1592,douyin,真的重庆的老龄化程度在全国处于什么水平。,0.2757,中性,97,2024-02-11
1593,douyin,确实尊老爱幼是传统美德，大家都要学习。,0.9332,正面,1,2024-10-11
1594,douyin,有些老年人也要与时俱进，学会用智能手机,0.6201,正面,1,2024-03-06
1595,douyin,有些老年公交卡真方便，出行无忧🤔,0.7973,正面,10,2024-08-23
1596,douyin,听说日本老龄化更严重，可以学习经验,0.5428,中性,6,2024-08-04
1597,douyin,老年人经验丰富，是年轻人的好老师,0.7391,正面,2,2024-10-23
1598,douyin,医院对老年人没有专门的照顾窗口,0.1187,负面,1,2024-08-22
1599,douyin,实在直播坑老人买保健品，太可恶了🙏,0.1784,负面,1,2024-05-22
1600,douyin,直播坑老人买保健品，太可恶了🤔,0.1987,负面,21,2024-04-21
1601,douyin,感觉老年舞蹈队跳得真好看，充满活力😔,0.9295,正面,2,2024-01-20
1602,douyin,非常农村老人看病太难了，要走几十里路👍,0.1717,负面,3,2024-01-16
1603,douyin,叫120等了40分钟才到，急救反应太慢了！,0.1334,负面,2,2024-08-14
1604,douyin,老年人也要与时俱进，学会用智能手机🤔,0.948,正面,3,2024-02-11
1605,douyin,老年公交卡真方便，出行无忧,0.7997,正面,1,2024-05-13
1606,douyin,养老金根本不够用，物价涨得太快！,0.0838,负面,5,2024-12-13
1607,douyin,老年志愿者真了不起，值得尊敬…,0.8915,正面,1,2024-12-11
1608,douyin,非常老年痴呆走失了警察也找不到！,0.0597,负面,13,2024-02-15
1609,douyin,直播带货卖假货给老人，没人管管吗,0.0705,负面,2,2024-01-26
1610,douyin,确实直播坑老人买保健品，太可恶了,0.0562,负面,5,2024-10-26
1611,douyin,特别重庆的老龄化程度在全国处于什么水平🙏,0.2529,中性,19,2024-02-05
1612,douyin,确实养老模式到底是居家好还是去养老院好,0.4858,中性,7,2024-12-05
1613,douyin,确实直播带货卖假货给老人，没人管管吗,0.0254,负面,5,2024-07-26
1614,douyin,有些老年人也要与时俱进，学会用智能手机,0.5818,正面,3,2024-08-27
1615,douyin,非常人口结构变化会影响经济发展💪,0.4316,中性,3,2024-11-19
1616,douyin,简直老年志愿者真了不起，值得尊敬！,0.5525,正面,8,2024-03-18
1617,douyin,重庆的老龄化程度在全国处于什么水平,0.3065,中性,121,2024-03-13
1618,douyin,非常老年产业应该是个新风口。,0.4422,中性,8,2024-12-08
1619,douyin,真的延迟退休政策对老年人有什么影响,0.3344,中性,6,2024-08-12
1620,douyin,每个家庭都会面临养老问题💪,0.274,中性,10,2024-08-01
1621,douyin,希望老年舞蹈队跳得真好看，充满活力🙏,0.9165,正面,4,2024-11-03
1622,douyin,养老模式到底是居家好还是去养老院好😔,0.3852,中性,1,2024-06-16
1623,douyin,养老模式到底是居家好还是去养老院好,0.4138,中性,6,2024-10-06
1624,douyin,每个家庭都会面临养老问题…,0.3895,中性,39,2024-08-28
1625,douyin,真的尊老爱幼是传统美德，大家都要学习,0.8451,正面,2,2024-06-13
1626,douyin,老年人是社会的财富，应该多关心他们,0.7238,正面,8,2024-03-19
1627,douyin,特别老年人是社会的财富，应该多关心他们,0.7065,正面,2,2024-01-16
1628,douyin,陪着父母去旅游，他们开心极了,0.9321,正面,5,2024-04-16
1629,douyin,陪着父母去旅游，他们开心极了,0.6139,正面,1,2024-06-04
1630,douyin,简直老年痴呆走失了警察也找不到👍,0.1006,负面,4,2024-08-26
1631,douyin,老年人是社会的财富，应该多关心他们。,0.9327,正面,11,2024-11-10
1632,douyin,建议养老基金还够不够用啊。,0.2888,中性,3,2024-12-28
1633,douyin,小区新安装了老年健身器材，方便多了…,0.5752,正面,8,2024-04-07
1634,douyin,养老模式到底是居家好还是去养老院好😔,0.4402,中性,13,2024-05-18
1635,douyin,感谢政府对老年人的关怀和照顾。,0.8293,正面,28,2024-11-19
1636,douyin,养老基金还够不够用啊😔,0.3211,中性,2,2024-10-16
1637,douyin,老年公交卡真方便，出行无忧🙏,0.5882,正面,3,2024-06-03
1638,douyin,老年公交卡真方便，出行无忧！,0.9064,正面,1,2024-02-15
1639,douyin,真的延迟退休政策对老年人有什么影响😔,0.4636,中性,106,2024-04-08
1640,douyin,陪着父母去旅游，他们开心极了！,0.7983,正面,28,2024-06-16
1641,douyin,老年产业应该是个新风口,0.31,中性,5,2024-10-20
1642,douyin,有些老年人是社会的财富，应该多关心他们！,0.8442,正面,16,2024-04-26
1643,douyin,简直陪着父母去旅游，他们开心极了,0.8911,正面,5,2024-05-01
1644,douyin,每个家庭都会面临养老问题,0.2736,中性,7,2024-08-21
1645,douyin,非常养老金年年涨，生活有保障😔,0.7277,正面,1,2024-05-07
1646,douyin,养老金年年涨，生活有保障,0.6014,正面,11,2024-01-28
1647,douyin,感谢政府对老年人的关怀和照顾…,0.6067,正面,1,2024-09-01
1648,douyin,每个家庭都会面临养老问题,0.3034,中性,14,2024-11-10
1649,douyin,养老金年年涨，生活有保障💪,0.5658,正面,12,2024-12-23
1650,douyin,有些老年公交卡真方便，出行无忧,0.5772,正面,9,2024-12-08
1651,douyin,养老模式到底是居家好还是去养老院好,0.3514,中性,1,2024-08-13
1652,douyin,社区食堂对老年人优惠，真的很贴心👍,0.8659,正面,2,2024-02-27
1653,douyin,社区养老服务越来越好了，点赞,0.8551,正面,2,2024-04-02
1654,douyin,陪着父母去旅游，他们开心极了,0.8289,正面,3,2024-04-25
1655,douyin,太买药太贵了，慢性病吃药一年花好几万🤔,0.0362,负面,1,2024-11-13
1656,douyin,退休后参加老年大学，感觉生活充实多了💪,0.7469,正面,30,2024-07-18
1657,douyin,有点养老金年年涨，生活有保障,0.5644,正面,5,2024-06-23
1658,douyin,养老模式到底是居家好还是去养老院好…,0.4027,中性,2,2024-04-05
1659,douyin,特别老年痴呆走失了警察也找不到👍,0.1283,负面,3,2024-07-06
1660,douyin,非常延迟退休政策对老年人有什么影响…,0.3503,中性,4,2024-02-21
1661,douyin,小区新安装了老年健身器材，方便多了👍,0.7913,正面,6,2024-07-07
1662,douyin,老年人经验丰富，是年轻人的好老师,0.8719,正面,5,2024-04-25
1663,douyin,子女都在外地打工，老人独居太可怜！,0.0507,负面,26,2024-06-15
1664,douyin,听说日本老龄化更严重，可以学习经验！,0.4201,中性,5,2024-04-17
1665,douyin,老年生活也可以很精彩，活到老学到老,0.8818,正面,103,2024-08-24
1666,douyin,人口结构变化会影响经济发展,0.5453,中性,16,2024-08-16
1667,douyin,真的听说日本老龄化更严重，可以学习经验,0.2733,中性,2,2024-10-02
1668,douyin,直播带货卖假货给老人，没人管管吗💪,0.01,负面,28,2024-10-06
1669,douyin,老年生活也可以很精彩，活到老学到老💪,0.8083,正面,1,2024-06-03
1670,douyin,确实老年人是社会的财富，应该多关心他们！,0.669,正面,14,2024-03-09
1671,douyin,直播带货卖假货给老人，没人管管吗,0.1968,负面,3,2024-11-24
1672,douyin,确实直播带货卖假货给老人，没人管管吗💪,0.1005,负面,19,2024-04-15
1673,douyin,建议老年人也要与时俱进，学会用智能手机,0.7753,正面,18,2024-04-03
1674,douyin,老龄化是社会发展的必然趋势😔,0.2611,中性,13,2024-07-06
1675,douyin,老年人是社会的财富，应该多关心他们！,0.8126,正面,12,2024-12-10
1676,douyin,简直退休后参加老年大学，感觉生活充实多了,0.5598,正面,2,2024-12-15
1677,douyin,叫120等了40分钟才到，急救反应太慢了…,0.176,负面,1,2024-09-23
1678,douyin,特别老龄化是社会发展的必然趋势😔,0.336,中性,3,2024-08-18
1679,douyin,老年公交卡真方便，出行无忧,0.6985,正面,1,2024-06-24
1680,douyin,养老金年年涨，生活有保障。,0.7107,正面,9,2024-05-05
1681,douyin,每个家庭都会面临养老问题🙏,0.3581,中性,3,2024-05-05
1682,douyin,子女都在外地打工，老人独居太可怜🤔,0.0986,负面,55,2024-03-02
1683,douyin,特别陪着父母去旅游，他们开心极了👍,0.9431,正面,7,2024-11-27
1684,douyin,医院对老年人没有专门的照顾窗口,0.0365,负面,14,2024-12-13
1685,douyin,直播带货卖假货给老人，没人管管吗,0.0313,负面,1,2024-09-04
1686,douyin,简直老年志愿者真了不起，值得尊敬🤔,0.8159,正面,17,2024-12-26
1687,douyin,感谢政府对老年人的关怀和照顾👍,0.8427,正面,26,2024-07-17
1688,douyin,感谢政府对老年人的关怀和照顾,0.8499,正面,4,2024-04-21
1689,douyin,真的老年人也要与时俱进，学会用智能手机👍,0.9081,正面,6,2024-02-16
1690,douyin,太老年痴呆走失了警察也找不到！,0.1905,负面,11,2024-04-18
1691,douyin,确实去大医院排队排到心塞，老年人体力吃不消,0.0145,负面,2,2024-03-27
1692,douyin,小区新安装了老年健身器材，方便多了。,0.9304,正面,5,2024-11-13
1693,douyin,非常延迟退休政策对老年人有什么影响…,0.353,中性,3,2024-10-19
1694,douyin,养老基金还够不够用啊,0.2626,中性,1,2024-08-11
1695,douyin,老年人也要与时俱进，学会用智能手机👍,0.7394,正面,3,2024-02-14
1696,douyin,真的子女都在外地打工，老人独居太可怜😔,0.1032,负面,1,2024-02-16
1697,douyin,社区养老服务越来越好了，点赞🤔,0.6482,正面,1,2024-02-15
1698,douyin,听说日本老龄化更严重，可以学习经验。,0.4311,中性,1,2024-05-18
1699,douyin,老年人经验丰富，是年轻人的好老师🙏,0.588,正面,43,2024-11-25
1700,douyin,非常社区没有老年活动场所，天天在家发呆💪,0.0231,负面,5,2024-10-13
1701,douyin,社区养老服务越来越好了，点赞😔,0.8293,正面,45,2024-05-28
1702,douyin,实在养老金年年涨，生活有保障,0.6826,正面,4,2024-04-16
1703,douyin,老年人经验丰富，是年轻人的好老师,0.8603,正面,3,2024-07-02
1704,douyin,感谢政府对老年人的关怀和照顾😔,0.8962,正面,5,2024-04-23
1705,douyin,实在直播带货卖假货给老人，没人管管吗💪,0.0321,负面,4,2024-10-19
1706,douyin,感谢政府对老年人的关怀和照顾💪,0.8677,正面,1,2024-09-23
1707,douyin,太重庆的老龄化程度在全国处于什么水平👍,0.3756,中性,7,2024-12-14
1708,douyin,退休后参加老年大学，感觉生活充实多了😔,0.9011,正面,2,2024-07-17
1709,douyin,确实直播带货卖假货给老人，没人管管吗🙏,0.0361,负面,7,2024-03-22
1710,douyin,确实老年志愿者真了不起，值得尊敬🤔,0.6993,正面,7,2024-03-19
1711,douyin,实在老年人是社会的财富，应该多关心他们💪,0.6429,正面,1,2024-12-13
1712,douyin,希望老年志愿者真了不起，值得尊敬！,0.8652,正面,1,2024-10-17
1713,douyin,老年舞蹈队跳得真好看，充满活力😔,0.6048,正面,12,2024-04-07
1714,douyin,希望老年生活也可以很精彩，活到老学到老🤔,0.5896,正面,4,2024-09-28
1715,douyin,确实尊老爱幼是传统美德，大家都要学习😔,0.8931,正面,1,2024-09-03
1716,douyin,老年舞蹈队跳得真好看，充满活力,0.7154,正面,130,2024-05-14
1717,douyin,老龄化是社会发展的必然趋势,0.5112,中性,1,2024-04-22
1718,douyin,实在养老金年年涨，生活有保障😔,0.8845,正面,9,2024-10-26
1719,douyin,不知道未来养老政策会怎么调整😔,0.3224,中性,69,2024-02-14
1720,douyin,老年志愿者真了不起，值得尊敬,0.5839,正面,2,2024-11-02
1721,douyin,退休后参加老年大学，感觉生活充实多了。,0.7358,正面,1,2024-05-27
1722,douyin,买药太贵了，慢性病吃药一年花好几万…,0.1902,负面,1,2024-12-19
1723,douyin,社区养老服务越来越好了，点赞👍,0.8266,正面,2,2024-09-20
1724,douyin,退休后参加老年大学，感觉生活充实多了🙏,0.9237,正面,1,2024-09-08
1725,douyin,农村老人看病太难了，要走几十里路。,0.1824,负面,9,2024-05-07
1726,douyin,老年人经验丰富，是年轻人的好老师🤔,0.6614,正面,1,2024-11-07
1727,douyin,老年痴呆走失了警察也找不到。,0.0661,负面,5,2024-12-18
1728,douyin,建议小区新安装了老年健身器材，方便多了💪,0.7827,正面,164,2024-05-21
1729,douyin,希望老年舞蹈队跳得真好看，充满活力😔,0.8034,正面,14,2024-06-08
1730,douyin,退休后参加老年大学，感觉生活充实多了。,0.923,正面,7,2024-03-09
1731,douyin,老年人经验丰富，是年轻人的好老师,0.8752,正面,3,2024-02-07
1732,douyin,社区没有老年活动场所，天天在家发呆！,0.1876,负面,7,2024-09-19
1733,douyin,老年人是社会的财富，应该多关心他们😔,0.9426,正面,5,2024-10-04
1734,douyin,特别感谢政府对老年人的关怀和照顾,0.5978,正面,4,2024-01-28
1735,douyin,确实老年志愿者真了不起，值得尊敬💪,0.7641,正面,1,2024-11-14
1736,douyin,特别社区食堂对老年人优惠，真的很贴心🙏,0.7766,正面,20,2024-12-09
1737,douyin,老年生活也可以很精彩，活到老学到老！,0.6382,正面,4,2024-09-12
1738,douyin,老年志愿者真了不起，值得尊敬,0.7836,正面,2,2024-07-07
1739,douyin,直播坑老人买保健品，太可恶了！,0.1185,负面,3,2024-08-04
1740,douyin,老年人经验丰富，是年轻人的好老师,0.6384,正面,4,2024-03-08
1741,douyin,老年生活也可以很精彩，活到老学到老🙏,0.8185,正面,15,2024-07-15
1742,douyin,陪着父母去旅游，他们开心极了😔,0.5828,正面,10,2024-03-24
1743,douyin,很多公园没有无障碍通道，轮椅过不去！,0.0822,负面,11,2024-04-22
1744,douyin,有点老年公交卡真方便，出行无忧👍,0.7596,正面,1,2024-10-13
1745,douyin,建议养老模式到底是居家好还是去养老院好🤔,0.2934,中性,4,2024-07-06
1746,douyin,建议感谢政府对老年人的关怀和照顾！,0.6913,正面,4,2024-04-13
1747,douyin,建议子女都在外地打工，老人独居太可怜,0.1877,负面,1,2024-08-23
1748,douyin,太感谢政府对老年人的关怀和照顾💪,0.6938,正面,2,2024-08-14
1749,douyin,非常感谢政府对老年人的关怀和照顾😔,0.6414,正面,11,2024-03-06
1750,douyin,子女都在外地打工，老人独居太可怜,0.1083,负面,1,2024-01-13
1751,douyin,老年生活也可以很精彩，活到老学到老,0.586,正面,5,2024-10-23
1752,douyin,老年志愿者真了不起，值得尊敬！,0.9228,正面,2,2024-03-28
1753,douyin,老年公交卡真方便，出行无忧,0.6244,正面,1,2024-09-03
1754,douyin,医院对老年人没有专门的照顾窗口💪,0.0199,负面,2,2024-03-10
1755,douyin,简直直播带货卖假货给老人，没人管管吗🙏,0.0419,负面,55,2024-12-03
1756,douyin,确实延迟退休政策对老年人有什么影响😔,0.4952,中性,13,2024-09-25
1757,douyin,真的不知道未来养老政策会怎么调整。,0.4101,中性,40,2024-03-25
1758,douyin,老年人是社会的财富，应该多关心他们…,0.7504,正面,4,2024-03-06
1759,douyin,陪着父母去旅游，他们开心极了。,0.6029,正面,1,2024-10-26
1760,douyin,简直小区新安装了老年健身器材，方便多了,0.6201,正面,5,2024-11-20
1761,douyin,有些老年人经验丰富，是年轻人的好老师😔,0.6044,正面,4,2024-11-25
1762,douyin,老年人也要与时俱进，学会用智能手机🤔,0.7116,正面,16,2024-09-12
1763,douyin,有点老年产业应该是个新风口,0.5311,中性,1,2024-01-07
1764,douyin,太养老模式到底是居家好还是去养老院好…,0.5026,中性,4,2024-07-10
1765,douyin,太小区新安装了老年健身器材，方便多了🤔,0.6295,正面,1,2024-03-15
1766,douyin,简直延迟退休政策对老年人有什么影响😔,0.3689,中性,3,2024-05-16
1767,douyin,实在小区新安装了老年健身器材，方便多了…,0.6986,正面,10,2024-01-08
1768,douyin,特别直播带货卖假货给老人，没人管管吗😔,0.0292,负面,4,2024-07-21
1769,douyin,退休后参加老年大学，感觉生活充实多了😔,0.6919,正面,3,2024-01-28
1770,douyin,感谢政府对老年人的关怀和照顾,0.6274,正面,3,2024-01-04
1771,douyin,简直老年产业应该是个新风口🤔,0.3309,中性,4,2024-09-12
1772,douyin,感谢政府对老年人的关怀和照顾🙏,0.8694,正面,12,2024-06-10
1773,douyin,老年志愿者真了不起，值得尊敬😔,0.7842,正面,21,2024-07-25
1774,douyin,老年产业应该是个新风口,0.4686,中性,38,2024-03-27
1775,douyin,老年人也要与时俱进，学会用智能手机！,0.7259,正面,12,2024-03-05
1776,douyin,真的老年人经验丰富，是年轻人的好老师！,0.6603,正面,3,2024-01-05
1777,douyin,老年生活也可以很精彩，活到老学到老,0.717,正面,8,2024-07-18
1778,douyin,真的去大医院排队排到心塞，老年人体力吃不消！,0.0101,负面,4,2024-12-16
1779,douyin,老年公交卡真方便，出行无忧😔,0.9425,正面,2,2024-02-03
1780,douyin,农村老人看病太难了，要走几十里路😔,0.1272,负面,16,2024-05-19
1781,douyin,养老模式到底是居家好还是去养老院好💪,0.408,中性,1,2024-10-17
1782,douyin,真的很多公园没有无障碍通道，轮椅过不去…,0.1804,负面,22,2024-08-09
1783,douyin,老年人在家摔倒没人知道怎么办…,0.1048,负面,4,2024-01-19
1784,douyin,简直老年人在家摔倒没人知道怎么办,0.0302,负面,7,2024-04-15
1785,douyin,建议老年痴呆走失了警察也找不到…,0.113,负面,8,2024-07-19
1786,douyin,老年生活也可以很精彩，活到老学到老🤔,0.615,正面,21,2024-02-25
1787,douyin,叫120等了40分钟才到，急救反应太慢了,0.0928,负面,7,2024-07-16
1788,douyin,有点感谢政府对老年人的关怀和照顾…,0.5973,正面,7,2024-10-07
1789,douyin,老年生活也可以很精彩，活到老学到老,0.6646,正面,1,2024-06-06
1790,douyin,建议重庆的老龄化程度在全国处于什么水平,0.2802,中性,5,2024-03-18
1791,douyin,社区养老服务越来越好了，点赞💪,0.9237,正面,1,2024-11-05
1792,douyin,特别尊老爱幼是传统美德，大家都要学习🤔,0.5631,正面,10,2024-11-27
1793,douyin,重庆的老龄化程度在全国处于什么水平。,0.2621,中性,5,2024-02-02
1794,douyin,医院对老年人没有专门的照顾窗口,0.01,负面,8,2024-07-27
1795,douyin,养老金年年涨，生活有保障,0.6666,正面,1,2024-10-10
1796,douyin,建议养老金年年涨，生活有保障👍,0.891,正面,1,2024-02-16
1797,douyin,实在老龄化是社会发展的必然趋势💪,0.368,中性,9,2024-08-26
1798,douyin,老年志愿者真了不起，值得尊敬…,0.6726,正面,1,2024-07-26
1799,douyin,有点延迟退休政策对老年人有什么影响,0.4499,中性,1,2024-12-05
1800,douyin,有点养老金年年涨，生活有保障,0.9001,正面,1,2024-03-24
1801,douyin,感谢政府对老年人的关怀和照顾💪,0.8251,正面,38,2024-08-14
1802,douyin,社区食堂对老年人优惠，真的很贴心💪,0.8173,正面,10,2024-10-10
1803,douyin,简直子女都在外地打工，老人独居太可怜。,0.0164,负面,3,2024-02-02
1804,douyin,有点很多公园没有无障碍通道，轮椅过不去😔,0.0579,负面,2,2024-11-13
1805,douyin,陪着父母去旅游，他们开心极了…,0.6808,正面,3,2024-11-11
1806,douyin,确实老年舞蹈队跳得真好看，充满活力😔,0.6157,正面,12,2024-06-05
1807,douyin,去大医院排队排到心塞，老年人体力吃不消！,0.1074,负面,8,2024-04-24
1808,douyin,特别老年舞蹈队跳得真好看，充满活力🙏,0.5537,正面,2,2024-06-11
1809,douyin,老年舞蹈队跳得真好看，充满活力,0.8797,正面,2,2024-03-11
1810,douyin,老年公交卡真方便，出行无忧🙏,0.7615,正面,1,2024-04-14
1811,douyin,有点老年人也要与时俱进，学会用智能手机,0.7864,正面,8,2024-05-11
1812,douyin,太社区食堂对老年人优惠，真的很贴心😔,0.936,正面,11,2024-10-19
1813,douyin,买药太贵了，慢性病吃药一年花好几万！,0.1223,负面,2,2024-11-28
1814,douyin,非常子女都在外地打工，老人独居太可怜,0.1818,负面,1,2024-09-08
1815,douyin,太陪着父母去旅游，他们开心极了,0.7297,正面,1,2024-02-26
1816,douyin,老年公交卡真方便，出行无忧👍,0.7686,正面,46,2024-12-26
1817,douyin,老龄化是社会发展的必然趋势👍,0.399,中性,2,2024-11-18
1818,douyin,建议听说日本老龄化更严重，可以学习经验。,0.5277,中性,11,2024-03-18
1819,douyin,老年人经验丰富，是年轻人的好老师😔,0.5819,正面,7,2024-01-04
1820,douyin,老年痴呆走失了警察也找不到🤔,0.0591,负面,3,2024-05-14
1821,douyin,非常去大医院排队排到心塞，老年人体力吃不消！,0.1485,负面,2,2024-09-23
1822,douyin,尊老爱幼是传统美德，大家都要学习,0.8993,正面,1,2024-04-03
1823,douyin,有些直播坑老人买保健品，太可恶了👍,0.1553,负面,7,2024-08-17
1824,douyin,确实养老金年年涨，生活有保障。,0.6613,正面,12,2024-03-13
1825,douyin,退休后参加老年大学，感觉生活充实多了🙏,0.8401,正面,7,2024-02-03
1826,douyin,尊老爱幼是传统美德，大家都要学习,0.7588,正面,5,2024-08-25
1827,douyin,陪着父母去旅游，他们开心极了,0.7057,正面,1,2024-09-25
1828,douyin,老年生活也可以很精彩，活到老学到老🙏,0.7984,正面,47,2024-12-23
1829,douyin,老年痴呆走失了警察也找不到😔,0.0531,负面,13,2024-09-25
1830,douyin,社区食堂对老年人优惠，真的很贴心,0.6975,正面,2,2024-08-07
1831,douyin,老年人是社会的财富，应该多关心他们🤔,0.9451,正面,61,2024-06-14
1832,douyin,确实买药太贵了，慢性病吃药一年花好几万🙏,0.0981,负面,6,2024-09-18
1833,douyin,人口结构变化会影响经济发展💪,0.3983,中性,6,2024-06-04
1834,douyin,养老模式到底是居家好还是去养老院好…,0.3238,中性,10,2024-05-02
1835,douyin,退休后参加老年大学，感觉生活充实多了💪,0.8159,正面,14,2024-05-27
1836,douyin,老年人在家摔倒没人知道怎么办,0.0746,负面,8,2024-09-12
1837,douyin,非常老年人也要与时俱进，学会用智能手机。,0.6699,正面,1,2024-03-23
1838,douyin,直播带货卖假货给老人，没人管管吗,0.1097,负面,3,2024-06-04
1839,douyin,很多公园没有无障碍通道，轮椅过不去,0.0734,负面,28,2024-10-07
1840,douyin,退休后参加老年大学，感觉生活充实多了👍,0.6746,正面,2,2024-02-26
1841,douyin,子女都在外地打工，老人独居太可怜,0.0665,负面,3,2024-05-14
1842,douyin,确实延迟退休政策对老年人有什么影响🙏,0.4723,中性,4,2024-01-04
1843,douyin,老年舞蹈队跳得真好看，充满活力！,0.6945,正面,4,2024-03-19
1844,douyin,尊老爱幼是传统美德，大家都要学习💪,0.6241,正面,7,2024-02-21
1845,douyin,希望老年人也要与时俱进，学会用智能手机👍,0.8333,正面,32,2024-04-14
1846,douyin,延迟退休政策对老年人有什么影响,0.423,中性,2,2024-08-18
1847,douyin,有些老年生活也可以很精彩，活到老学到老！,0.7953,正面,1,2024-06-05
1848,douyin,简直养老金根本不够用，物价涨得太快🙏,0.183,负面,2,2024-02-23
1849,douyin,养老金年年涨，生活有保障…,0.7491,正面,20,2024-10-07
1850,douyin,养老基金还够不够用啊,0.3053,中性,7,2024-11-08
1851,douyin,听说日本老龄化更严重，可以学习经验💪,0.5494,中性,2,2024-02-22
1852,douyin,真的老年生活也可以很精彩，活到老学到老🤔,0.6606,正面,14,2024-04-23
1853,douyin,有点叫120等了40分钟才到，急救反应太慢了,0.0885,负面,17,2024-03-24
1854,douyin,有些农村老人看病太难了，要走几十里路🤔,0.1957,负面,16,2024-05-15
1855,douyin,希望养老院条件太差了，费用还死贵🤔,0.0493,负面,26,2024-04-16
1856,douyin,有点养老金根本不够用，物价涨得太快,0.0193,负面,2,2024-01-26
1857,douyin,老年产业应该是个新风口！,0.3367,中性,11,2024-03-10
1858,douyin,老年舞蹈队跳得真好看，充满活力👍,0.5555,正面,4,2024-02-19
1859,douyin,非常社区食堂对老年人优惠，真的很贴心😔,0.6397,正面,16,2024-07-09
1860,douyin,简直小区新安装了老年健身器材，方便多了🤔,0.9119,正面,10,2024-08-13
1861,douyin,骗子专门盯着老年人骗，防不胜防,0.1068,负面,12,2024-05-24
1862,douyin,老年人也要与时俱进，学会用智能手机👍,0.5895,正面,8,2024-05-24
1863,douyin,非常养老金年年涨，生活有保障！,0.9329,正面,2,2024-04-25
1864,douyin,老年产业应该是个新风口。,0.251,中性,5,2024-12-25
1865,douyin,建议老年人是社会的财富，应该多关心他们！,0.7424,正面,71,2024-12-25
1866,douyin,太老年舞蹈队跳得真好看，充满活力🤔,0.6588,正面,30,2024-10-19
1867,douyin,小区新安装了老年健身器材，方便多了。,0.7998,正面,1,2024-01-28
1868,douyin,简直老年舞蹈队跳得真好看，充满活力…,0.6465,正面,1,2024-09-01
1869,douyin,老年公交卡真方便，出行无忧,0.6048,正面,1,2024-04-15
1870,douyin,老年人也要与时俱进，学会用智能手机👍,0.579,正面,10,2024-08-23
1871,douyin,非常老年生活也可以很精彩，活到老学到老,0.6374,正面,14,2024-10-14
1872,douyin,子女都在外地打工，老人独居太可怜,0.1218,负面,2,2024-02-11
1873,douyin,重庆的老龄化程度在全国处于什么水平👍,0.4916,中性,5,2024-12-21
1874,douyin,建议老年人也要与时俱进，学会用智能手机💪,0.6608,正面,16,2024-01-27
1875,douyin,去大医院排队排到心塞，老年人体力吃不消,0.1612,负面,10,2024-02-17
1876,douyin,老年人在家摔倒没人知道怎么办。,0.01,负面,5,2024-08-18
1877,douyin,社区养老服务越来越好了，点赞🤔,0.9423,正面,6,2024-05-07
1878,douyin,去大医院排队排到心塞，老年人体力吃不消,0.1501,负面,5,2024-04-07
1879,douyin,实在老年人是社会的财富，应该多关心他们,0.8147,正面,2,2024-02-24
1880,douyin,希望老年舞蹈队跳得真好看，充满活力…,0.9021,正面,6,2024-03-23
1881,douyin,特别养老院条件太差了，费用还死贵,0.1,负面,8,2024-09-06
1882,douyin,太老年舞蹈队跳得真好看，充满活力,0.613,正面,19,2024-07-08
1883,douyin,老年志愿者真了不起，值得尊敬👍,0.8355,正面,7,2024-10-19
1884,douyin,养老院条件太差了，费用还死贵🤔,0.1675,负面,11,2024-10-07
1885,douyin,养老金年年涨，生活有保障。,0.8847,正面,1,2024-05-20
1886,douyin,太很多公园没有无障碍通道，轮椅过不去！,0.1566,负面,4,2024-07-25
1887,douyin,买药太贵了，慢性病吃药一年花好几万,0.1205,负面,1,2024-01-08
1888,douyin,老年人经验丰富，是年轻人的好老师💪,0.9137,正面,2,2024-03-02
1889,douyin,真的老年生活也可以很精彩，活到老学到老👍,0.8696,正面,10,2024-10-18
1890,douyin,老年志愿者真了不起，值得尊敬,0.5834,正面,101,2024-05-09
1891,douyin,陪着父母去旅游，他们开心极了,0.6213,正面,1,2024-03-26
1892,douyin,重庆的老龄化程度在全国处于什么水平,0.4054,中性,3,2024-07-24
1893,douyin,养老模式到底是居家好还是去养老院好。,0.3883,中性,13,2024-01-02
1894,douyin,老龄化是社会发展的必然趋势,0.5089,中性,2,2024-06-06
1895,douyin,老年生活也可以很精彩，活到老学到老😔,0.7423,正面,5,2024-09-21
1896,douyin,社区食堂对老年人优惠，真的很贴心💪,0.8494,正面,10,2024-03-12
1897,douyin,社区养老服务越来越好了，点赞！,0.8679,正面,7,2024-05-09
1898,douyin,陪着父母去旅游，他们开心极了👍,0.6092,正面,2,2024-08-10
1899,douyin,非常老年舞蹈队跳得真好看，充满活力👍,0.5806,正面,3,2024-10-26
1900,douyin,小区新安装了老年健身器材，方便多了,0.5662,正面,12,2024-01-20
1901,douyin,希望退休后参加老年大学，感觉生活充实多了。,0.9043,正面,5,2024-02-12
1902,douyin,太老年人经验丰富，是年轻人的好老师,0.7011,正面,1,2024-05-17
1903,douyin,实在农村老人看病太难了，要走几十里路🙏,0.1357,负面,11,2024-07-24
1904,douyin,简直老年人是社会的财富，应该多关心他们,0.8,正面,1,2024-07-20
1905,douyin,老龄化是社会发展的必然趋势👍,0.4817,中性,10,2024-03-05
1906,douyin,太老年舞蹈队跳得真好看，充满活力！,0.5688,正面,2,2024-09-04
1907,douyin,老年人也要与时俱进，学会用智能手机,0.6535,正面,39,2024-09-16
1908,douyin,简直去大医院排队排到心塞，老年人体力吃不消👍,0.108,负面,3,2024-11-03
1909,douyin,太尊老爱幼是传统美德，大家都要学习🙏,0.8192,正面,3,2024-11-10
1910,douyin,社区食堂对老年人优惠，真的很贴心…,0.8178,正面,1,2024-05-06
1911,douyin,建议老年人经验丰富，是年轻人的好老师💪,0.8526,正面,3,2024-09-14
1912,douyin,老年舞蹈队跳得真好看，充满活力,0.6507,正面,19,2024-07-10
1913,douyin,真的老年舞蹈队跳得真好看，充满活力,0.6995,正面,156,2024-07-26
1914,douyin,养老模式到底是居家好还是去养老院好！,0.352,中性,3,2024-04-28
1915,douyin,人口结构变化会影响经济发展！,0.3632,中性,4,2024-05-17
1916,douyin,重庆的老龄化程度在全国处于什么水平👍,0.3605,中性,9,2024-09-06
1917,douyin,尊老爱幼是传统美德，大家都要学习,0.7363,正面,20,2024-11-23
1918,douyin,社区食堂对老年人优惠，真的很贴心！,0.8056,正面,6,2024-04-07
1919,douyin,有些老年舞蹈队跳得真好看，充满活力！,0.8796,正面,3,2024-10-11
1920,douyin,老年生活也可以很精彩，活到老学到老,0.8727,正面,4,2024-02-23
1921,douyin,真的老年人也要与时俱进，学会用智能手机🙏,0.9014,正面,9,2024-04-08
1922,douyin,希望听说日本老龄化更严重，可以学习经验。,0.3978,中性,1,2024-04-02
1923,douyin,感觉老年痴呆走失了警察也找不到👍,0.0246,负面,7,2024-08-25
1924,douyin,直播坑老人买保健品，太可恶了…,0.0977,负面,3,2024-09-24
1925,douyin,真的尊老爱幼是传统美德，大家都要学习🙏,0.6335,正面,13,2024-02-11
1926,douyin,尊老爱幼是传统美德，大家都要学习,0.885,正面,1,2024-04-23
1927,douyin,非常社区食堂对老年人优惠，真的很贴心🙏,0.8311,正面,6,2024-02-24
1928,douyin,特别直播带货卖假货给老人，没人管管吗🙏,0.128,负面,4,2024-06-05
1929,douyin,有些养老金年年涨，生活有保障🤔,0.5784,正面,7,2024-10-10
1930,douyin,老年生活也可以很精彩，活到老学到老。,0.6425,正面,1,2024-01-19
1931,douyin,每个家庭都会面临养老问题,0.3084,中性,6,2024-04-20
1932,douyin,确实小区新安装了老年健身器材，方便多了,0.66,正面,6,2024-05-02
1933,douyin,老年志愿者真了不起，值得尊敬。,0.7129,正面,6,2024-11-01
1934,douyin,老年公交卡真方便，出行无忧💪,0.7082,正面,6,2024-01-17
1935,douyin,尊老爱幼是传统美德，大家都要学习,0.7206,正面,8,2024-04-28
1936,douyin,感觉老年生活也可以很精彩，活到老学到老,0.6945,正面,13,2024-01-13
1937,douyin,重庆的老龄化程度在全国处于什么水平,0.3461,中性,2,2024-03-25
1938,douyin,感谢政府对老年人的关怀和照顾👍,0.6923,正面,14,2024-09-06
1939,douyin,小区新安装了老年健身器材，方便多了👍,0.8006,正面,5,2024-11-05
1940,douyin,买药太贵了，慢性病吃药一年花好几万,0.0601,负面,1,2024-02-08
1941,douyin,叫120等了40分钟才到，急救反应太慢了,0.1608,负面,1,2024-06-10
1942,douyin,社区食堂对老年人优惠，真的很贴心👍,0.9151,正面,3,2024-03-14
1943,douyin,社区食堂对老年人优惠，真的很贴心,0.6997,正面,12,2024-02-22
1944,douyin,老年人也要与时俱进，学会用智能手机👍,0.5572,正面,9,2024-06-19
1945,douyin,老年人在家摔倒没人知道怎么办💪,0.1191,负面,12,2024-08-09
1946,douyin,养老金年年涨，生活有保障🤔,0.8325,正面,5,2024-07-25
1947,douyin,子女都在外地打工，老人独居太可怜🙏,0.0663,负面,4,2024-10-24
1948,douyin,老年志愿者真了不起，值得尊敬。,0.6682,正面,1,2024-10-13
1949,douyin,有些养老金年年涨，生活有保障！,0.5912,正面,3,2024-10-20
1950,douyin,简直直播带货卖假货给老人，没人管管吗！,0.0462,负面,4,2024-03-25
1951,douyin,感觉老年志愿者真了不起，值得尊敬💪,0.9343,正面,1,2024-01-18
1952,douyin,社区食堂对老年人优惠，真的很贴心,0.5971,正面,2,2024-11-15
1953,douyin,延迟退休政策对老年人有什么影响,0.4185,中性,6,2024-09-20
1954,douyin,简直社区食堂对老年人优惠，真的很贴心👍,0.791,正面,10,2024-03-22
1955,douyin,老年人在家摔倒没人知道怎么办…,0.1673,负面,236,2024-11-04
1956,douyin,有些医院对老年人没有专门的照顾窗口,0.1259,负面,29,2024-07-19
1957,douyin,有些尊老爱幼是传统美德，大家都要学习…,0.7237,正面,7,2024-10-13
1958,douyin,有些社区养老服务越来越好了，点赞😔,0.9194,正面,4,2024-07-04
1959,douyin,确实老年产业应该是个新风口！,0.3441,中性,7,2024-04-25
1960,douyin,尊老爱幼是传统美德，大家都要学习！,0.6462,正面,12,2024-09-09
1961,douyin,买药太贵了，慢性病吃药一年花好几万,0.1923,负面,1,2024-01-01
1962,douyin,太每个家庭都会面临养老问题👍,0.2688,中性,4,2024-04-03
1963,douyin,养老基金还够不够用啊,0.3505,中性,15,2024-01-03
1964,douyin,希望养老金年年涨，生活有保障🙏,0.8093,正面,3,2024-02-28
1965,douyin,老年人经验丰富，是年轻人的好老师👍,0.8595,正面,6,2024-04-28
1966,douyin,希望不知道未来养老政策会怎么调整！,0.2651,中性,6,2024-05-01
1967,douyin,建议养老金年年涨，生活有保障😔,0.6626,正面,2,2024-03-24
1968,douyin,每个家庭都会面临养老问题。,0.4514,中性,3,2024-01-18
1969,douyin,人口结构变化会影响经济发展…,0.4675,中性,3,2024-01-06
1970,douyin,延迟退休政策对老年人有什么影响🤔,0.2568,中性,1,2024-09-09
1971,douyin,实在去大医院排队排到心塞，老年人体力吃不消。,0.0485,负面,1,2024-06-23
1972,douyin,有些老年公交卡真方便，出行无忧,0.9344,正面,15,2024-08-01
1973,douyin,直播带货卖假货给老人，没人管管吗,0.1825,负面,2,2024-10-06
1974,douyin,有些老年生活也可以很精彩，活到老学到老🤔,0.8501,正面,5,2024-06-05
1975,douyin,简直养老金年年涨，生活有保障,0.9406,正面,2,2024-08-03
1976,douyin,养老金年年涨，生活有保障🙏,0.5697,正面,32,2024-06-02
1977,douyin,老年人在家摔倒没人知道怎么办,0.107,负面,2,2024-07-09
1978,douyin,去大医院排队排到心塞，老年人体力吃不消,0.0958,负面,4,2024-07-16
1979,douyin,直播带货卖假货给老人，没人管管吗🤔,0.098,负面,19,2024-09-06
1980,douyin,有点陪着父母去旅游，他们开心极了🙏,0.6146,正面,16,2024-09-27
1981,douyin,老年生活也可以很精彩，活到老学到老…,0.6544,正面,2,2024-03-19
1982,douyin,人口结构变化会影响经济发展😔,0.4853,中性,13,2024-04-25
1983,douyin,去大医院排队排到心塞，老年人体力吃不消,0.1762,负面,4,2024-09-06
1984,douyin,感谢政府对老年人的关怀和照顾💪,0.6416,正面,4,2024-01-16
1985,douyin,老年公交卡真方便，出行无忧💪,0.9478,正面,1,2024-01-13
1986,douyin,老年人经验丰富，是年轻人的好老师,0.7573,正面,1,2024-06-25
1987,douyin,尊老爱幼是传统美德，大家都要学习,0.5837,正面,10,2024-04-21
1988,douyin,希望尊老爱幼是传统美德，大家都要学习。,0.5845,正面,5,2024-01-25
1989,douyin,小区新安装了老年健身器材，方便多了…,0.9248,正面,4,2024-10-05
1990,douyin,感觉老年舞蹈队跳得真好看，充满活力,0.9248,正面,10,2024-06-19
1991,douyin,感觉很多公园没有无障碍通道，轮椅过不去👍,0.1229,负面,11,2024-11-09
1992,douyin,养老金年年涨，生活有保障,0.7667,正面,1,2024-03-05
1993,douyin,很多公园没有无障碍通道，轮椅过不去💪,0.0164,负面,7,2024-04-22
1994,douyin,非常医院对老年人没有专门的照顾窗口🤔,0.1462,负面,1,2024-03-10
1995,douyin,医院对老年人没有专门的照顾窗口🤔,0.1073,负面,11,2024-02-10
1996,douyin,老年志愿者真了不起，值得尊敬,0.753,正面,8,2024-12-21
1997,douyin,老年公交卡真方便，出行无忧…,0.6216,正面,39,2024-08-13
1998,douyin,感觉老年舞蹈队跳得真好看，充满活力😔,0.9388,正面,1,2024-05-13
1999,douyin,直播坑老人买保健品，太可恶了😔,0.1467,负面,1,2024-08-20
2000,douyin,尊老爱幼是传统美德，大家都要学习…,0.8928,正面,2,2024-09-16
